iters,fevals,fitness,time
0,330,7917.139971890364,0.17299985885620117
1,1370,8374.077414514553,0.6719999313354492
2,1680,7857.184938054434,0.8149998188018799
3,2170,8052.836403932208,1.0529999732971191
4,5040,7769.485396889846,2.425999879837036
5,5060,7708.110274225701,2.430999994277954
6,5080,7746.38184512025,2.435999870300293
7,5100,7643.862701957551,2.440999984741211
8,5120,7657.85840179282,2.444999933242798
9,5140,7744.37288998373,2.450000047683716
10,5160,7922.316215926621,2.4559998512268066
11,5180,7839.2589530291825,2.4600000381469727
12,5200,7938.03698215339,2.4649999141693115
13,5220,7812.671579125236,2.4700000286102295
14,5240,7772.665453754797,2.4739999771118164
15,5260,7797.5658798153545,2.4789998531341553
16,5280,7991.314766971739,2.4830000400543213
17,5300,8027.57121557902,2.48799991607666
18,5320,8154.344456562273,2.493000030517578
19,5340,7783.744198908872,2.497999906539917
20,5360,8195.244592081941,2.501999855041504
21,5380,8157.667752518209,2.50600004196167
22,5400,8265.87892050147,2.510999917984009
23,5420,8239.202669657065,2.5149998664855957
24,5440,8363.793327685496,2.5189998149871826
25,5460,8161.90262896352,2.5230000019073486
26,5480,8359.35029845275,2.5279998779296875
27,5500,8380.189057544678,2.5319998264312744
28,5520,8369.583090815488,2.5369999408721924
29,5540,8333.87478893793,2.5409998893737793
30,5560,8132.197433107951,2.5460000038146973
31,5580,8179.200581083032,2.550999879837036
32,5600,8155.245995038084,2.554999828338623
33,5620,8103.334912128816,2.559999942779541
34,5640,7927.658394348575,2.563999891281128
35,5660,7581.04732921282,2.569000005722046
36,5680,8065.262714388433,2.5739998817443848
37,5700,8098.239490794131,2.5779998302459717
38,5720,8113.486028236974,2.5829999446868896
39,5740,8095.263471951504,2.5869998931884766
40,5760,8180.563095990139,2.5909998416900635
41,5780,8105.010847624156,2.5950000286102295
42,5800,8250.86207015497,2.5989999771118164
43,5820,8233.85725170011,2.6039998531341553
44,5840,8256.593308672027,2.6080000400543213
45,5860,8128.600223450601,2.61299991607666
46,5880,8283.214256897632,2.616999864578247
47,5900,8072.92262935,2.621999979019165
48,5920,7951.886910937908,2.626999855041504
49,5940,8126.806266108943,2.631999969482422
50,5960,8234.262754089423,2.635999917984009
51,5980,8319.665909627467,2.6410000324249268
52,6000,8453.93939435086,2.6449999809265137
53,6020,8198.184471550027,2.6499998569488525
54,6040,8273.509580587597,2.6549999713897705
55,6060,8197.939096997257,2.6589999198913574
56,6080,8009.862243928968,2.6640000343322754
57,6100,8096.97236242521,2.6689999103546143
58,6120,8060.5882612981995,2.672999858856201
59,6140,7710.668127385065,2.677000045776367
60,6160,7770.328645297042,2.681999921798706
61,6180,7842.266534286032,2.687000036239624
62,6200,7793.537964563293,2.691999912261963
63,6220,7839.07890618291,2.697000026702881
64,6240,7854.636807206056,2.7029998302459717
65,6260,7787.115379346958,2.7079999446868896
66,6280,7855.384930229827,2.7119998931884766
67,6300,7770.441799975425,2.7170000076293945
68,6320,7934.83573329394,2.7219998836517334
69,6340,7779.300503508932,2.7269999980926514
70,6360,7883.72691820257,2.7330000400543213
71,6380,7713.392171638474,2.73799991607666
72,6400,7699.901615526543,2.743000030517578
73,6420,7823.095610301417,2.747999906539917
74,6440,7928.589097559907,2.753000020980835
75,6460,7957.372474180843,2.758999824523926
76,6480,7925.660550384275,2.7639999389648438
77,6500,7894.134116870843,2.7689998149871826
78,6520,7875.036542394969,2.7739999294281006
79,6540,8052.1092689150055,2.7790000438690186
80,6560,8103.2982832781045,2.7839999198913574
81,6580,8154.243392016529,2.7899999618530273
82,6600,7912.579165316414,2.7960000038146973
83,6620,7756.176910009943,2.799999952316284
84,6640,7843.949838090276,2.805999994277954
85,6660,7867.602407094637,2.812000036239624
86,6680,7755.08454184549,2.816999912261963
87,6700,8157.324676220841,2.822000026702881
88,6720,8051.92189476527,2.8269999027252197
89,6740,8061.6314519276875,2.8320000171661377
90,6760,8084.274770157503,2.8359999656677246
91,6780,8077.316809508616,2.8409998416900635
92,6800,8180.712912867223,2.8450000286102295
93,6820,7941.846521533418,2.8499999046325684
94,6840,8076.008053769853,2.8559999465942383
95,6860,7718.622946554527,2.859999895095825
96,6880,7891.188439701122,2.865000009536743
97,6900,7758.405364608654,2.869999885559082
98,6920,7784.425716596184,2.873999834060669
99,6940,7879.381733804133,2.878000020980835
100,6960,7900.954549370188,2.882999897003174
101,6980,7831.750491848231,2.888000011444092
102,7000,8027.782259577306,2.8919999599456787
103,7020,7797.65924652468,2.8969998359680176
104,7040,7755.11539007715,2.9010000228881836
105,7060,7939.891071562824,2.9049999713897705
106,7080,7716.7180292254125,2.9099998474121094
107,7100,7576.820767598975,2.9140000343322754
108,7120,7681.662718267235,2.9189999103546143
109,7140,7523.6183763688105,2.9240000247955322
110,7160,8174.302541890381,2.927999973297119
111,7180,7472.055357276045,2.932999849319458
112,7200,7455.13925716537,2.937999963760376
113,7220,7434.026290302894,2.942999839782715
114,7240,7649.606963579282,2.947999954223633
115,7260,7868.707184226593,2.9519999027252197
116,7280,7728.992257615763,2.9570000171661377
117,7300,7701.472931909776,2.9619998931884766
118,7320,7687.538097120832,2.9659998416900635
119,7340,7519.7436113756185,2.9709999561309814
120,7360,7664.681995394988,2.9749999046325684
121,7380,7769.813358394881,2.9800000190734863
122,7400,7600.079243396373,2.9839999675750732
123,7420,7904.089668741623,2.988999843597412
124,7440,7695.889359106093,2.993000030517578
125,7460,7662.397949021866,2.997999906539917
126,7480,7547.803248954082,3.003000020980835
127,7500,7322.417341862453,3.007999897003174
128,7520,7381.432968564247,3.013000011444092
129,7540,7274.755843400839,3.0179998874664307
130,7560,7297.992755596924,3.0219998359680176
131,7580,7367.100379625124,3.0269999504089355
132,7600,7511.980121096723,3.0309998989105225
133,7620,7664.664152405506,3.0349998474121094
134,7640,7561.936948223334,3.0399999618530273
135,7660,7545.158896262031,3.0439999103546143
136,7680,7522.371294228024,3.0490000247955322
137,7700,7962.473877558324,3.053999900817871
138,7720,7514.186656193869,3.057999849319458
139,7740,7635.1354007380805,3.062999963760376
140,7760,7472.050444136311,3.067999839782715
141,7780,7608.805734366223,3.072999954223633
142,7800,7462.189774462997,3.0779998302459717
143,7820,7713.376650670265,3.0829999446868896
144,7840,7677.82606543406,3.0869998931884766
145,7860,7714.948991663973,3.0920000076293945
146,7880,7983.356275065493,3.0969998836517334
147,7900,7606.655291102049,3.1019999980926514
148,7920,7709.870952971015,3.1069998741149902
149,7940,7829.409113819148,3.110999822616577
150,7960,8179.602044874131,3.115999937057495
151,7980,7956.888684691985,3.120999813079834
152,8000,8178.752491793132,3.125999927520752
153,8020,8145.8982948540615,3.129999876022339
154,8040,8155.520207460336,3.134999990463257
155,8060,8190.1017028852775,3.1389999389648438
156,8080,8204.181303589077,3.1439998149871826
157,8100,8169.217920372795,3.1489999294281006
158,8120,8156.145044020809,3.1540000438690186
159,8140,8206.284879127315,3.1579999923706055
160,8160,8169.609111430404,3.1629998683929443
161,8180,7986.019435751986,3.1669998168945312
162,8200,8341.313961859276,3.171999931335449
163,8220,8181.193246373157,3.177000045776367
164,8240,8323.639904325979,3.181999921798706
165,8260,8089.192874530486,3.187000036239624
166,8280,8128.3207805576485,3.191999912261963
167,8300,8083.552957095849,3.197000026702881
168,8320,8182.564996989673,3.2019999027252197
169,8340,8176.160183269062,3.2079999446868896
170,8360,8319.893894847557,3.2129998207092285
171,8380,8116.887870526002,3.2189998626708984
172,8400,8082.514833849454,3.234999895095825
173,8420,8044.363617278713,3.24399995803833
174,8440,8087.287316870885,3.25
175,8460,7971.408103648533,3.254999876022339
176,8480,7972.250774362714,3.2709999084472656
177,8500,7779.19458105385,3.2809998989105225
178,8520,7869.749152661954,3.2869999408721924
179,8540,7891.604911253891,3.303999900817871
180,8560,7763.570017984013,3.309999942779541
181,8580,7848.484034821402,3.31499981880188
182,8600,7914.729090770688,3.32099986076355
183,8620,7874.361977551144,3.3369998931884766
184,8640,8225.17469962509,3.3469998836517334
185,8660,8092.321797718022,3.3529999256134033
186,8680,7989.324471849435,3.36899995803833
187,8700,8008.072124698255,3.376999855041504
188,8720,8124.218011557428,3.383999824523926
189,8740,7939.99426537647,3.3889999389648438
190,8760,7809.712987141549,3.4040000438690186
191,8780,7783.754323527003,3.4149999618530273
192,8800,7847.233336731592,3.421999931335449
193,8820,8104.89952668303,3.427999973297119
194,8840,7926.454892706325,3.434999942779541
195,8860,8333.801680041655,3.438999891281128
196,8880,8065.624202831678,3.444000005722046
197,8900,7906.786222857259,3.4489998817443848
198,8920,8150.942829046115,3.4549999237060547
199,8940,8074.989244044072,3.4589998722076416
200,8960,7968.647028972378,3.4649999141693115
201,8980,8069.734402584261,3.4689998626708984
202,9000,8040.7037478075135,3.4739999771118164
203,9020,8062.257652436708,3.4779999256134033
204,9040,8107.538896442362,3.4830000400543213
205,9060,8189.844029899708,3.486999988555908
206,9080,8102.453053844131,3.490999937057495
207,9100,8098.11772446518,3.495999813079834
208,9120,8037.912212063394,3.5
209,9140,7958.4995852592565,3.503999948501587
210,9160,8089.199632787177,3.508999824523926
211,9180,8231.74300442682,3.513000011444092
212,9200,8180.162680681869,3.5169999599456787
213,9220,8131.833509129352,3.5230000019073486
214,9240,8046.287111403009,3.5269999504089355
215,9260,8183.794540950246,3.5319998264312744
216,9280,8265.042514384011,3.5369999408721924
217,9300,8234.042713691138,3.5409998893737793
218,9320,8322.635595729691,3.5460000038146973
219,9340,8433.223883804796,3.549999952316284
220,9360,8364.000205102171,3.554999828338623
221,9380,8119.589429278237,3.559000015258789
222,9400,8234.01729873972,3.56499981880188
223,9420,8308.519403945716,3.569000005722046
224,9440,8218.456610142333,3.572999954223633
225,9460,8321.542728323317,3.5779998302459717
226,9480,8316.062075328047,3.5820000171661377
227,9500,8384.201268069806,3.5869998931884766
228,9520,8343.251676221762,3.5909998416900635
229,9540,8361.83721929448,3.5959999561309814
230,9560,8233.556795609804,3.6009998321533203
231,9580,8227.202474283275,3.6050000190734863
232,9600,7980.868699019114,3.609999895095825
233,9620,7914.337120745022,3.615000009536743
234,9640,7859.787711171235,3.619999885559082
235,9660,7555.2125180656285,3.625
236,9680,7781.894448764859,3.628999948501587
237,9700,7670.714590178907,3.633999824523926
238,9720,7733.181790456779,3.638000011444092
239,9740,7640.0571226193515,3.6429998874664307
240,9760,7623.61398244673,3.6480000019073486
241,9780,7582.752982875855,3.6529998779296875
242,9800,7852.86680581158,3.6579999923706055
243,9820,7664.319272413095,3.6619999408721924
244,9840,7432.518977071161,3.6669998168945312
245,9860,7628.137593704203,3.6710000038146973
246,9880,7742.011077651261,3.675999879837036
247,9900,7595.086032611607,3.679999828338623
248,9920,7593.338983238803,3.684999942779541
249,9940,7380.07288680021,3.688999891281128
250,9960,7448.622552677455,3.692999839782715
251,9980,7485.54287431423,3.697999954223633
252,10000,7425.229388109093,3.7019999027252197
253,10020,7292.406762706757,3.7059998512268066
254,10040,7347.243406009219,3.7109999656677246
255,10060,7504.887056754846,3.7159998416900635
256,10080,7655.570270666465,3.7209999561309814
257,10100,7728.358480772213,3.7249999046325684
258,10120,7551.0705223358245,3.7300000190734863
259,10140,7564.257040657041,3.734999895095825
260,10160,7843.619744734528,3.738999843597412
261,10180,7803.776406446256,3.74399995803833
262,10200,7821.56350204951,3.747999906539917
263,10220,7816.643608609007,3.751999855041504
264,10240,7828.5587656071,3.756999969482422
265,10260,8284.289550756079,3.760999917984009
266,10280,7730.805068212501,3.7660000324249268
267,10300,7955.017600968434,3.7709999084472656
268,10320,8004.7857717986235,3.7760000228881836
269,10340,7909.158636730888,3.7809998989105225
270,10360,7868.796101591615,3.7860000133514404
271,10380,8011.540773545948,3.7909998893737793
272,10400,7878.310515287952,3.794999837875366
273,10420,7771.554646028185,3.799999952316284
274,10440,7925.3670410520945,3.804999828338623
275,10460,7826.275666697135,3.809999942779541
276,10480,7732.790924955526,3.81499981880188
277,10500,7379.384578615539,3.819000005722046
278,10520,7663.686477779425,3.8239998817443848
279,10540,7636.4874350110285,3.8279998302459717
280,10560,7675.766876872687,3.8329999446868896
281,10580,7641.399545174135,3.8379998207092285
282,10600,7637.1313494083415,3.8429999351501465
283,10620,7471.76162413789,3.8480000495910645
284,10640,7609.612003501661,3.8529999256134033
285,10660,7799.222035698178,3.8580000400543213
286,10680,7687.9083490135,3.863999843597412
287,10700,7646.387384017325,3.86899995803833
288,10720,7697.597699536787,3.873999834060669
289,10740,7506.5969536136945,3.879999876022339
290,10760,7509.69338608884,3.885999917984009
291,10780,7575.712960719497,3.8899998664855957
292,10800,7656.281128936502,3.8959999084472656
293,10820,7687.295845517599,3.9019999504089355
294,10840,7300.741238931294,3.9069998264312744
295,10860,7243.966610025819,3.9119999408721924
296,10880,7324.334103726604,3.9169998168945312
297,10900,7420.259112783812,3.921999931335449
298,10920,7533.243982483815,3.927999973297119
299,10940,7642.060426703564,3.934000015258789
300,10960,7450.227593786036,3.938999891281128
301,10980,7534.410740857549,3.944000005722046
302,11000,7648.240977313031,3.950000047683716
303,11020,7516.900168544632,3.9539999961853027
304,11040,7648.656350759386,3.9600000381469727
305,11060,7846.054085366196,3.9649999141693115
306,11080,7614.691484346171,3.9700000286102295
307,11100,7533.701745091066,3.9759998321533203
308,11120,7690.851887336758,3.9809999465942383
309,11140,7876.926471989887,3.985999822616577
310,11160,7589.342650902202,3.991999864578247
311,11180,7762.583083583123,3.996999979019165
312,11200,7736.645696834772,4.001999855041504
313,11220,7478.297023383167,4.007999897003174
314,11240,7962.287074856451,4.013000011444092
315,11260,7726.8657030914555,4.017999887466431
316,11280,7903.329261061171,4.023000001907349
317,11300,7715.617238557059,4.0279998779296875
318,11320,7727.787769897389,4.0329999923706055
319,11340,7890.122227880507,4.039000034332275
320,11360,7985.963157467189,4.043999910354614
321,11380,7795.867766516609,4.049000024795532
322,11400,8029.851231642291,4.052999973297119
323,11420,8025.490299968581,4.059000015258789
324,11440,8040.934010357543,4.06499981880188
325,11460,7829.534007480043,4.069999933242798
326,11480,7960.423458932073,4.075999975204468
327,11500,7638.5761782325435,4.082000017166138
328,11520,7632.151706351736,4.085999965667725
329,11540,7747.770433966453,4.0920000076293945
330,11560,7646.577913565866,4.096999883651733
331,11580,7741.338486885728,4.101999998092651
332,11600,7754.881710850842,4.10699987411499
333,11620,7637.151640272765,4.11299991607666
334,11640,7787.764558682803,4.118000030517578
335,11660,7863.998137622118,4.122999906539917
336,11680,7660.071833983683,4.128999948501587
337,11700,7785.2846715180185,4.132999897003174
338,11720,7855.722235808993,4.138000011444092
339,11740,7945.968149550856,4.143999814987183
340,11760,7917.787160101946,4.148999929428101
341,11780,8008.939959842372,4.1529998779296875
342,11800,7828.032635460768,4.158999919891357
343,11820,7748.857823173434,4.164000034332275
344,11840,7940.866519672475,4.168999910354614
345,11860,7769.007446154209,4.174999952316284
346,11880,7826.88367272772,4.178999900817871
347,11900,7984.197276765955,4.184000015258789
348,11920,7772.2296316214615,4.188999891281128
349,11940,7761.111371626077,4.194000005722046
350,11960,7618.173943781142,4.200000047683716
351,11980,7771.642130328466,4.204999923706055
352,12000,7604.007072568337,4.210000038146973
353,12020,7556.880926744287,4.2149999141693115
354,12040,7722.785531598245,4.2200000286102295
355,12060,7736.6527464311275,4.224999904632568
356,12080,8009.3346418419915,4.230000019073486
357,12100,7852.420347649168,4.233999967575073
358,12120,7687.242739348572,4.238999843597412
359,12140,7753.122997940833,4.243000030517578
360,12160,7777.659319051873,4.247999906539917
361,12180,7736.60549355645,4.253000020980835
362,12200,7548.4535722012915,4.257999897003174
363,12220,7900.301036486311,4.263000011444092
364,12240,7668.442623879338,4.267999887466431
365,12260,7820.420935108736,4.273000001907349
366,12280,8004.72866688497,4.2779998779296875
367,12300,7848.172875549797,4.281999826431274
368,12320,7716.878374963347,4.286999940872192
369,12340,7785.147240313323,4.290999889373779
370,12360,7841.756935150356,4.296000003814697
371,12380,7692.3772504485505,4.300999879837036
372,12400,7677.584958812036,4.305999994277954
373,12420,7753.69052170182,4.310999870300293
374,12440,7756.796335104843,4.31499981880188
375,12460,7625.715596296528,4.319999933242798
376,12480,7670.10935837744,4.323999881744385
377,12500,7645.941138319848,4.328999996185303
378,12520,7599.8998217751,4.333999872207642
379,12540,7989.630622931716,4.3379998207092285
380,12560,7511.114996028755,4.3420000076293945
381,12580,7568.664072116651,4.346999883651733
382,12600,7568.892193448045,4.351999998092651
383,12620,7617.954877216687,4.35699987411499
384,12640,7459.324106057583,4.361999988555908
385,12660,7544.495889963944,4.366999864578247
386,12680,7655.06934708963,4.370999813079834
387,12700,7552.065676782286,4.375999927520752
388,12720,7453.3240606982945,4.38100004196167
389,12740,7665.83082134469,4.384999990463257
390,12760,7953.047551575287,4.389999866485596
391,12780,7657.93231296023,4.394999980926514
392,12800,7826.093788744664,4.3999998569488525
393,12820,7512.633779907682,4.4049999713897705
394,12840,7830.196363384896,4.409999847412109
395,12860,7653.016053195218,4.414999961853027
396,12880,7820.875894512971,4.419999837875366
397,12900,7734.091647776419,4.425999879837036
398,12920,7649.817718067577,4.429999828338623
399,12940,7774.3845646797645,4.435999870300293
400,12960,8006.742763516197,4.440999984741211
401,12980,7960.850929011872,4.44599986076355
402,13000,7805.946349835772,4.450000047683716
403,13020,8054.18585748434,4.454999923706055
404,13040,7846.5355941177295,4.460999965667725
405,13060,7718.379353292129,4.4659998416900635
406,13080,7973.367397774869,4.4709999561309814
407,13100,7644.152147022887,4.47599983215332
408,13120,7592.759800675033,4.480999946594238
409,13140,7456.706463818395,4.485999822616577
410,13160,7430.528393689425,4.490999937057495
411,13180,7560.069977796418,4.495999813079834
412,13200,7387.233251092114,4.501999855041504
413,13220,7737.1921405063085,4.506999969482422
414,13240,7557.265556494933,4.513000011444092
415,13260,7690.330704676778,4.518999814987183
416,13280,7546.763890321555,4.5249998569488525
417,13300,7527.514641783824,4.533999919891357
418,13320,7405.8178389816785,4.542999982833862
419,13340,7735.492715398382,4.557999849319458
420,13360,7566.403161262383,4.563999891281128
421,13380,7295.439933151163,4.569000005722046
422,13400,7610.652243604047,4.57699990272522
423,13420,7501.383098614063,4.58299994468689
424,13440,7516.273271489717,4.586999893188477
425,13460,7472.109819518906,4.593999862670898
426,13480,7590.623459748135,4.598999977111816
427,13500,7426.495294207185,4.602999925613403
428,13520,7539.342203494703,4.610999822616577
429,13540,7404.412094852536,4.615999937057495
430,13560,7412.26779334353,4.620999813079834
431,13580,7807.862273919539,4.628000020980835
432,13600,7693.753186574697,4.633999824523926
433,13620,7606.170479113182,4.638999938964844
434,13640,7678.823858699381,4.645999908447266
435,13660,7473.636406397281,4.6499998569488525
436,13680,7425.623666835787,4.6549999713897705
437,13700,7559.366892164811,4.661999940872192
438,13720,7419.201571509376,4.666999816894531
439,13740,7449.463262380385,4.671999931335449
440,13760,7525.574044086413,4.677999973297119
441,13780,7604.248245692786,4.682999849319458
442,13800,7507.021610978447,4.687999963760376
443,13820,7554.087120720956,4.694999933242798
444,13840,7513.959095638638,4.698999881744385
445,13860,7560.98663740296,4.703999996185303
446,13880,7091.666806021376,4.711999893188477
447,13900,7264.134853911948,4.7159998416900635
448,13920,7594.441474412381,4.721999883651733
449,13940,6997.779811409519,4.728999853134155
450,13960,7193.3860691691725,4.733000040054321
451,13980,7347.520583520381,4.73799991607666
452,14000,7240.063384976431,4.744999885559082
453,14020,7331.4136809034535,4.75
454,14040,7624.948818667786,4.753999948501587
455,14060,7497.3739297461125,4.760999917984009
456,14080,7244.417652829539,4.764999866485596
457,14100,7267.249578448141,4.769999980926514
458,14120,7416.186072955896,4.7779998779296875
459,14140,7275.809502079401,4.7829999923706055
460,14160,7564.266043107014,4.787999868392944
461,14180,7871.586687060439,4.794999837875366
462,14200,7424.666528154908,4.799999952316284
463,14220,7451.078071642571,4.805999994277954
464,14240,7567.87747396315,4.812999963760376
465,14260,7444.001502229595,4.817999839782715
466,14280,7372.198733567162,4.825000047683716
467,14300,7905.39272956657,4.830999851226807
468,14320,7824.83262688043,4.836999893188477
469,14340,7958.5604299975175,4.8450000286102295
470,14360,7813.551184257235,4.849999904632568
471,14380,8007.310512536301,4.855000019073486
472,14400,7775.474680952658,4.861999988555908
473,14420,7853.005895610323,4.866999864578247
474,14440,7610.222804283152,4.871999979019165
475,14460,7597.498214328589,4.878999948501587
476,14480,7655.958641651326,4.882999897003174
477,14500,7637.660040426569,4.888999938964844
478,14520,7643.468514336797,4.901000022888184
479,14540,7390.727965967808,4.909999847412109
480,14560,7394.196947517706,4.914999961853027
481,14580,7233.39606173332,4.921000003814697
482,14600,7408.374221165325,4.929999828338623
483,14620,7664.100854392551,4.935999870300293
484,14640,7577.851042438733,4.944000005722046
485,14660,7391.726298264698,4.948999881744385
486,14680,7560.26810212916,4.953999996185303
487,14700,7275.015923978551,4.960999965667725
488,14720,7294.8964819478615,4.9649999141693115
489,14740,7248.819278981978,4.9700000286102295
490,14760,7265.041552772455,4.977999925613403
491,14780,7095.49164438412,4.98199987411499
492,14800,7471.598188700829,4.98799991607666
493,14820,7485.337947325419,4.994999885559082
494,14840,7697.6984536026575,5.0
495,14860,7639.3032758929,5.003999948501587
496,14880,7780.990144951935,5.010999917984009
497,14900,7521.981922687336,5.016000032424927
498,14920,7546.258036958782,5.020999908447266
499,14940,7836.390238642474,5.0279998779296875
500,14960,8132.45887764167,5.0329999923706055
501,14980,8304.211151192974,5.037999868392944
502,15000,7858.488674698184,5.044999837875366
503,15020,8029.398965061492,5.049999952316284
504,15040,7768.011617432986,5.054999828338623
505,15060,7683.201477795325,5.062000036239624
506,15080,7545.092845085458,5.066999912261963
507,15100,7598.049524094884,5.072000026702881
508,15120,7906.425508192536,5.078999996185303
509,15140,7559.057233157532,5.08299994468689
510,15160,7820.2330987425385,5.0879998207092285
511,15180,7556.84739367481,5.093999862670898
512,15200,7683.576311384032,5.098999977111816
513,15220,7884.089013065217,5.102999925613403
514,15240,7557.097553618983,5.11299991607666
515,15260,7639.178141048095,5.136999845504761
516,15280,7465.598547314555,5.151000022888184
517,15300,7571.893979894364,5.161999940872192
518,15320,7623.429119101434,5.171000003814697
519,15340,7643.529776210961,5.178999900817871
520,15360,7574.387801649092,5.184999942779541
521,15380,7669.181833913314,5.191999912261963
522,15400,7622.991541193458,5.197999954223633
523,15420,7753.284708094704,5.204999923706055
524,15440,7564.625229732148,5.2149999141693115
525,15460,7722.541116209906,5.228999853134155
526,15480,7984.448400512968,5.236999988555908
527,15500,7599.248293474984,5.243000030517578
528,15520,7784.000710373701,5.247999906539917
529,15540,7845.345895420859,5.253000020980835
530,15560,7804.5971700269465,5.256999969482422
531,15580,7876.400656637367,5.261999845504761
532,15600,7740.9402079859665,5.270999908447266
533,15620,7904.592924141374,5.276000022888184
534,15640,7782.699668062254,5.2809998989105225
535,15660,7521.4282222393895,5.28600001335144
536,15680,7567.610899574461,5.291999816894531
537,15700,7560.226032168508,5.296999931335449
538,15720,7998.494905355052,5.302999973297119
539,15740,7655.386581609266,5.307999849319458
540,15760,7680.131767916103,5.313999891281128
541,15780,7621.459344408201,5.319000005722046
542,15800,7742.218740672718,5.325000047683716
543,15820,7749.343000049518,5.330999851226807
544,15840,7703.250862168147,5.336999893188477
545,15860,8053.7632254000755,5.3420000076293945
546,15880,7968.811396480828,5.346999883651733
547,15900,7855.601609314196,5.351999998092651
548,15920,7706.541055731109,5.355999946594238
549,15940,7801.87954156463,5.360999822616577
550,15960,7613.3524977585275,5.365999937057495
551,15980,7660.127460477655,5.370999813079834
552,16000,7646.550725015938,5.375999927520752
553,16020,7544.887522889971,5.38100004196167
554,16040,7642.288859336197,5.384999990463257
555,16060,7732.524100450712,5.389999866485596
556,16080,7759.875010225781,5.396999835968018
557,16100,7708.665246786053,5.4029998779296875
558,16120,7626.5547062543155,5.4079999923706055
559,16140,7612.610058141118,5.412999868392944
560,16160,7549.837821906355,5.416999816894531
561,16180,7520.903633252734,5.421999931335449
562,16200,7789.601697112927,5.425999879837036
563,16220,7630.241949068745,5.430999994277954
564,16240,7770.109516738436,5.437000036239624
565,16260,7907.7184077891,5.442999839782715
566,16280,7755.750037910471,5.455999851226807
567,16300,7914.744982296229,5.468999862670898
568,16320,7955.556105019099,5.480999946594238
569,16340,8042.652131921669,5.490999937057495
570,16360,7815.067135972132,5.500999927520752
571,16380,7715.470979132452,5.510999917984009
572,16400,7747.940432238988,5.520999908447266
573,16420,7944.81679515114,5.5279998779296875
574,16440,7587.314068055191,5.534999847412109
575,16460,7518.74457906496,5.540999889373779
576,16480,7500.851342967007,5.549999952316284
577,16500,7432.049630387854,5.559000015258789
578,16520,7450.188176991497,5.5879998207092285
579,16540,7659.980105702808,5.60699987411499
580,16560,7538.820254684844,5.615999937057495
581,16580,7635.7324129275,5.634999990463257
582,16600,7577.774786881114,5.6579999923706055
583,16620,7486.54721459653,5.667999982833862
584,16640,7472.847805057409,5.680999994277954
585,16660,7529.478522305252,5.698999881744385
586,16680,7444.24983656941,5.7159998416900635
587,16700,7742.819285591878,5.738999843597412
588,16720,7850.999052865086,5.817999839782715
589,16740,7521.1226646305295,5.832000017166138
590,16760,7854.922298796323,5.858999967575073
591,16780,7861.4055835212785,5.909999847412109
592,16800,7675.146583037558,5.937000036239624
593,16820,7764.928925585676,6.046999931335449
594,16840,7973.525859806166,6.10699987411499
595,16860,7686.222456199344,6.1559998989105225
596,16880,7516.2566380387,6.165999889373779
597,16900,7933.98399076385,6.264999866485596
598,16920,7824.1239717414655,6.312999963760376
599,16940,7821.416620688711,6.428999900817871
600,16960,7723.372220012338,6.43999981880188
601,16980,7807.30915472502,6.483999967575073
602,17000,7771.87896777261,6.500999927520752
603,17020,7665.102165408479,6.520999908447266
604,17040,7689.9527436168255,6.5309998989105225
605,17060,7490.938143644745,6.542999982833862
606,17080,7588.859954818662,6.609999895095825
607,17100,7424.725456560291,6.628000020980835
608,17120,7520.290221585622,6.639999866485596
609,17140,7569.314309498815,6.671000003814697
610,17160,7307.077962124299,6.7159998416900635
611,17180,7323.625073766996,6.730000019073486
612,17200,7013.874162291291,6.7790000438690186
613,17220,7190.984122172689,6.787999868392944
614,17240,7193.965288599054,6.796999931335449
615,17260,7467.857982644084,6.81499981880188
616,17280,7132.871618062705,6.828999996185303
617,17300,7152.889416179153,6.8379998207092285
618,17320,7028.071859507021,6.852999925613403
619,17340,7337.218493403165,6.865000009536743
620,17360,7167.965823383008,6.884999990463257
621,17380,7439.305338778403,6.896999835968018
622,17400,7343.522628406544,6.917999982833862
623,17420,7317.594480130383,6.928999900817871
624,17440,7356.705807135963,6.93999981880188
625,17460,7336.095488320745,6.950000047683716
626,17480,7198.283783827639,6.960000038146973
627,17500,7572.38549374867,6.971999883651733
628,17520,7209.841907415939,6.980999946594238
629,17540,7486.630555810812,6.990999937057495
630,17560,7419.465858948747,6.998999834060669
631,17580,7398.794983636856,7.00600004196167
632,17600,7362.626333082551,7.011999845504761
633,17620,7428.311833844677,7.019999980926514
634,17640,7631.696632514812,7.026000022888184
635,17660,7585.292740268378,7.0309998989105225
636,17680,7522.231806347734,7.039000034332275
637,17700,7469.8183708450715,7.046000003814697
638,17720,7573.1927242278325,7.053999900817871
639,17740,7591.845782801718,7.069000005722046
640,17760,7420.559636985044,7.105000019073486
641,17780,7741.961869965726,7.182999849319458
642,17800,7730.221503411116,7.221999883651733
643,17820,7694.334748789455,7.238999843597412
644,17840,7733.836058234108,7.267999887466431
645,17860,7670.01311915775,7.2799999713897705
646,17880,7674.696286014526,7.290999889373779
647,17900,7664.178328112952,7.307999849319458
648,17920,7717.161219335291,7.316999912261963
649,17940,7776.362205402698,7.32699990272522
650,17960,8014.266972143097,7.3379998207092285
651,17980,8004.578704380876,7.346999883651733
652,18000,8024.805119275253,7.353999853134155
653,18020,7869.773460590475,7.36299991607666
654,18040,7595.383641370825,7.384999990463257
655,18060,7655.225854245538,7.419999837875366
656,18080,7544.280364572813,7.452999830245972
657,18100,7602.365754086971,7.483000040054321
658,18120,7668.313123861404,7.507999897003174
659,18140,7620.635789340743,7.586999893188477
660,18160,7660.144689626085,7.5959999561309814
661,18180,8036.53200602708,7.605999946594238
662,18200,7890.428517988059,7.615999937057495
663,18220,7743.714445429709,7.620999813079834
664,18240,7615.766232827223,7.628000020980835
665,18260,7560.3119061173575,7.638999938964844
666,18280,7505.955457455784,7.648999929428101
667,18300,7268.228363121422,7.6549999713897705
668,18320,7274.530424630758,7.66100001335144
669,18340,7566.8034185114375,7.669999837875366
670,18360,7506.22481342533,7.679999828338623
671,18380,7765.035459511148,7.687999963760376
672,18400,7644.81630358897,7.697000026702881
673,18420,7534.588705624127,7.70799994468689
674,18440,7809.958584909457,7.7170000076293945
675,18460,7889.896904130444,7.72599983215332
676,18480,7821.768500450195,7.735999822616577
677,18500,7748.988503223662,7.741999864578247
678,18520,7906.1608840294275,7.747999906539917
679,18540,7919.702909615085,7.753000020980835
680,18560,8126.211767281501,7.758999824523926
681,18580,7781.636220718861,7.766000032424927
682,18600,7773.213146445949,7.773000001907349
683,18620,7773.803782894433,7.781999826431274
684,18640,7836.823494941409,7.789000034332275
685,18660,7836.578680545773,7.819000005722046
686,18680,7798.9827651668575,7.83299994468689
687,18700,7960.563235486909,7.8450000286102295
688,18720,7739.464970583748,7.851999998092651
689,18740,7893.6258780213975,7.858999967575073
690,18760,8039.855224954162,7.866999864578247
691,18780,7813.849532124626,7.872999906539917
692,18800,7824.04639215992,7.88100004196167
693,18820,7840.08649284542,7.886999845504761
694,18840,7733.1697081801185,7.896999835968018
695,18860,7650.958300107265,7.9040000438690186
696,18880,7705.6516420727585,7.912999868392944
697,18900,7628.0989726964435,7.918999910354614
698,18920,7814.312301603449,7.927999973297119
699,18940,8035.646261828998,7.934000015258789
700,18960,7899.345768288796,7.93999981880188
701,18980,8228.011713620479,7.947999954223633
702,19000,7977.996525293354,7.953999996185303
703,19020,8060.042847159227,7.960999965667725
704,19040,8226.298725717445,7.9670000076293945
705,19060,8296.539616380565,7.9730000495910645
706,19080,8123.152195558648,7.980999946594238
707,19100,8282.162321671418,7.986999988555908
708,19120,8172.764902669434,7.994999885559082
709,19140,8100.262332212753,8.000999927520752
710,19160,8154.569472264486,8.006999969482422
711,19180,7879.820203111927,8.014999866485596
712,19200,7913.008643300787,8.019999980926514
713,19220,7961.767175195033,8.027999877929688
714,19240,7735.302422107737,8.033999919891357
715,19260,7761.142521116173,8.04099988937378
716,19280,7820.133041880175,8.047999858856201
717,19300,8070.574443784994,8.053999900817871
718,19320,7649.31066901734,8.062000036239624
719,19340,7673.352480147646,8.067999839782715
720,19360,8033.578545888502,8.072999954223633
721,19380,7863.74073143835,8.079999923706055
722,19400,7473.754797199582,8.086999893188477
723,19420,7658.311137941741,8.095999956130981
724,19440,7598.220868264692,8.10099983215332
725,19460,7816.329740152157,8.111999988555908
726,19480,7861.727892821898,8.11899995803833
727,19500,7740.339648973177,8.126999855041504
728,19520,7554.819910854309,8.162999868392944
729,19540,7930.927309017834,8.174000024795532
730,19560,7561.573318126363,8.212999820709229
731,19580,7731.191533481313,8.227999925613403
732,19600,7620.568705268267,8.23799991607666
733,19620,7803.475825896837,8.244999885559082
734,19640,7699.098023772947,8.251999855041504
735,19660,7647.581117969889,8.258999824523926
736,19680,7680.7117367852925,8.264999866485596
737,19700,7802.139718485726,8.269999980926514
738,19720,7410.65000811741,8.277999877929688
739,19740,7661.605536848845,8.28499984741211
740,19760,7736.7756732959515,8.29099988937378
741,19780,7515.308527900748,8.297999858856201
742,19800,7629.1111795682955,8.304999828338623
743,19820,7444.55463818915,8.312999963760376
744,19840,7592.196369310411,8.317999839782715
745,19860,7534.49379101414,8.325999975204468
746,19880,7445.206082018023,8.332000017166138
747,19900,7708.138955284504,8.33899998664856
748,19920,7311.39960519814,8.345999956130981
749,19940,7425.795742392665,8.351999998092651
750,19960,7575.77768542681,8.359999895095825
751,19980,7484.588327075784,8.365999937057495
752,20000,7825.876692494565,8.372999906539917
753,20020,7798.8771940788065,8.388999938964844
754,20040,7890.575331614353,8.42199993133545
755,20060,7718.621095070164,8.442999839782715
756,20080,7826.126713268527,8.452999830245972
757,20100,7798.8674797231615,8.460000038146973
758,20120,7655.736407733562,8.47000002861023
759,20140,7718.768550525836,8.480999946594238
760,20160,7896.001809917689,8.488999843597412
761,20180,7726.160140471068,8.498999834060669
762,20200,7568.710094274618,8.504999876022339
763,20220,7600.198643213576,8.513000011444092
764,20240,7767.950955368945,8.518999814987183
765,20260,7905.161422750207,8.5239999294281
766,20280,7836.665393181735,8.52999997138977
767,20300,7807.494597000495,8.53499984741211
768,20320,7640.063935112489,8.539999961853027
769,20340,7936.918962491647,8.546000003814697
770,20360,7787.026078512876,8.550999879837036
771,20380,7743.556202967203,8.555999994277954
772,20400,7916.005946367398,8.560999870300293
773,20420,7854.947185367519,8.565999984741211
774,20440,7614.7179928332835,8.57200002670288
775,20460,7573.006094536433,8.57699990272522
776,20480,7834.065845104325,8.58299994468689
777,20500,7752.528350459676,8.58899998664856
778,20520,7779.213433551833,8.59500002861023
779,20540,7634.570723173832,8.60099983215332
780,20560,7543.18311956865,8.60699987411499
781,20580,7617.930349326483,8.611999988555908
782,20600,7559.098701068233,8.616999864578247
783,20620,7626.490110509677,8.621999979019165
784,20640,7658.782177065374,8.626999855041504
785,20660,7515.958096418398,8.632999897003174
786,20680,7677.232070138403,8.638999938964844
787,20700,7665.836648867447,8.644999980926514
788,20720,7600.4429289376385,8.651000022888184
789,20740,7826.387825195407,8.655999898910522
790,20760,7993.508579720217,8.661999940872192
791,20780,7512.320783106634,8.666999816894531
792,20800,7685.394780754604,8.672999858856201
793,20820,7416.980255035424,8.678999900817871
794,20840,7448.976517756053,8.685999870300293
795,20860,7662.931824319914,8.691999912261963
796,20880,7421.885946922997,8.700999975204468
797,20900,7366.027813676228,8.707000017166138
798,20920,7283.692625419619,8.720999956130981
799,20940,7352.054926571713,8.733000040054321
800,20960,7349.7995529256805,8.740999937057495
801,20980,7458.195023496509,8.75
802,21000,7586.1007573773595,8.75600004196167
803,21020,7266.627663746354,8.763000011444092
804,21040,7162.709029129476,8.769999980926514
805,21060,7281.135369672633,8.776000022888184
806,21080,7554.207607369037,8.781999826431274
807,21100,7471.3415979779065,8.787999868392944
808,21120,7533.044638711827,8.793999910354614
809,21140,7386.159355425367,8.800999879837036
810,21160,7473.3126858015785,8.806999921798706
811,21180,7636.305074995537,8.812999963760376
812,21200,7568.873675275715,8.819000005722046
813,21220,7589.025345901981,8.825000047683716
814,21240,7747.624717613983,8.830999851226807
815,21260,7533.334611756785,8.836999893188477
816,21280,7797.65361386662,8.842999935150146
817,21300,7666.993368449627,8.848999977111816
818,21320,7864.720861951396,8.855999946594238
819,21340,7804.986247541891,8.861999988555908
820,21360,7827.433912243089,8.868000030517578
821,21380,7737.297775196846,8.875
822,21400,7533.893691281825,8.881999969482422
823,21420,7779.347916302297,8.888000011444092
824,21440,7769.820263397224,8.893999814987183
825,21460,7496.295937648997,8.902999877929688
826,21480,7661.523226869843,8.916999816894531
827,21500,7780.63326760925,8.924000024795532
828,21520,7494.608488121708,8.931999921798706
829,21540,7602.35583183866,8.940999984741211
830,21560,7454.388556441612,8.948999881744385
831,21580,7597.755934545487,8.955999851226807
832,21600,7689.681900562059,8.961999893188477
833,21620,7642.005785276645,8.968999862670898
834,21640,7697.573801434193,8.974999904632568
835,21660,7837.7425896307295,8.980999946594238
836,21680,7727.472035545388,8.986999988555908
837,21700,7887.691914795596,8.991999864578247
838,21720,7796.487769093403,8.997999906539917
839,21740,7858.71245237663,9.006999969482422
840,21760,8001.472953648399,9.013000011444092
841,21780,7900.29557176742,9.019999980926514
842,21800,7777.942313423049,9.026000022888184
843,21820,7882.395017138194,9.031999826431274
844,21840,7882.018154792226,9.037999868392944
845,21860,7914.886016171414,9.043999910354614
846,21880,7745.947277875765,9.050999879837036
847,21900,7934.6307715436615,9.055999994277954
848,21920,7904.162076899234,9.062000036239624
849,21940,8112.245442014247,9.069000005722046
850,21960,7712.897531552915,9.075000047683716
851,21980,7892.681230084794,9.082000017166138
852,22000,7683.479816570599,9.086999893188477
853,22020,7790.186679769777,9.093999862670898
854,22040,7801.802112660369,9.105000019073486
855,22060,7619.9093873524425,9.110999822616577
856,22080,7609.853321884238,9.118000030517578
857,22100,7422.836800584538,9.123999834060669
858,22120,7578.602174505931,9.128999948501587
859,22140,7693.04870250188,9.133999824523926
860,22160,7572.886764444281,9.139999866485596
861,22180,7711.007269344395,9.145999908447266
862,22200,7654.444098659262,9.152999877929688
863,22220,7936.301826654274,9.157999992370605
864,22240,7725.769569194681,9.164999961853027
865,22260,7823.936357016074,9.171000003814697
866,22280,8035.006202853738,9.177000045776367
867,22300,7999.012713079112,9.182999849319458
868,22320,8108.372966604562,9.187999963760376
869,22340,7956.883383093706,9.194999933242798
870,22360,7973.129396190583,9.200999975204468
871,22380,8057.403653315262,9.207000017166138
872,22400,7874.310825826412,9.212999820709229
873,22420,7859.405803353094,9.218999862670898
874,22440,7867.698753323074,9.223999977111816
875,22460,7831.458798823539,9.230000019073486
876,22480,7755.73610788651,9.236999988555908
877,22500,7864.864463742941,9.243000030517578
878,22520,7593.342965695292,9.247999906539917
879,22540,7695.655980539267,9.253999948501587
880,22560,7575.384590697078,9.260999917984009
881,22580,7981.103246140926,9.266999959945679
882,22600,7900.69647335604,9.2739999294281
883,22620,7661.467105242992,9.279000043869019
884,22640,7613.547162184408,9.28600001335144
885,22660,7503.067773113213,9.292999982833862
886,22680,7674.049164300402,9.299000024795532
887,22700,7720.106644841512,9.305999994277954
888,22720,7553.590687626497,9.310999870300293
889,22740,7666.258034653325,9.317999839782715
890,22760,7492.81610278654,9.323999881744385
891,22780,7511.8480435969805,9.330999851226807
892,22800,7789.165257947426,9.336999893188477
893,22820,7441.584147955221,9.342999935150146
894,22840,7525.8270328502895,9.348999977111816
895,22860,7709.660139013864,9.355999946594238
896,22880,7903.56738292709,9.361999988555908
897,22900,7723.0036738710405,9.368000030517578
898,22920,7751.15391398669,9.375
899,22940,8006.612435108046,9.38100004196167
900,22960,7915.131832435097,9.38699984550476
901,22980,7750.870676776004,9.39299988746643
902,23000,7682.1602314011825,9.3989999294281
903,23020,7966.885529539346,9.408999919891357
904,23040,7884.579013888828,9.41599988937378
905,23060,7792.457834346394,9.421000003814697
906,23080,7819.415762984998,9.427000045776367
907,23100,7847.377605813132,9.431999921798706
908,23120,7886.347827903372,9.442999839782715
909,23140,7784.218740869039,9.45199990272522
910,23160,7752.755726827218,9.457000017166138
911,23180,7567.467867226912,9.462999820709229
912,23200,7724.808107531179,9.467999935150146
913,23220,7784.648869987096,9.473000049591064
914,23240,7853.444018302429,9.478999853134155
915,23260,8175.93484569054,9.483999967575073
916,23280,7956.66234961788,9.488999843597412
917,23300,7919.129391353987,9.494999885559082
918,23320,8072.672151484789,9.5
919,23340,8161.640784286747,9.504999876022339
920,23360,8181.959212439271,9.510999917984009
921,23380,7821.282738895671,9.516999959945679
922,23400,8280.96859408207,9.521999835968018
923,23420,8214.62580146804,9.526999950408936
924,23440,8371.719228268958,9.532999992370605
925,23460,8191.603215660593,9.537999868392944
926,23480,8338.381176004383,9.544999837875366
927,23500,8254.97511478455,9.549999952316284
928,23520,8578.174534815927,9.555999994277954
929,23540,8485.552847443563,9.562000036239624
930,23560,8494.250983505603,9.566999912261963
931,23580,8549.693756779889,9.572999954223633
932,23600,8518.674021971554,9.577999830245972
933,23620,8541.998679642753,9.58299994468689
934,23640,8530.59733841548,9.58899998664856
935,23660,8540.973292534316,9.593999862670898
936,23680,8376.42108197403,9.598999977111816
937,23700,8439.563140821561,9.605000019073486
938,23720,8068.1731243474815,9.610999822616577
939,23740,8141.636720957419,9.616999864578247
940,23760,8200.285862116834,9.622999906539917
941,23780,8351.667592154412,9.628000020980835
942,23800,8332.181835357038,9.633999824523926
943,23820,8018.095077328365,9.641000032424927
944,23840,8055.295825144693,9.648000001907349
945,23860,8011.047968877925,9.652999877929688
946,23880,8019.0594727904145,9.65999984741211
947,23900,8132.2088986085955,9.66599988937378
948,23920,7977.935750728725,9.67199993133545
949,23940,7909.848472658508,9.67799997329712
950,23960,7630.157844312499,9.684000015258789
951,23980,7745.915132889834,9.68999981880188
952,24000,7960.710413745039,9.694999933242798
953,24020,7644.503182203835,9.700999975204468
954,24040,7841.888300292716,9.707000017166138
955,24060,7811.8295659981795,9.712999820709229
956,24080,7655.1232751469015,9.717999935150146
957,24100,8079.2876842004725,9.723999977111816
958,24120,7769.337042952769,9.728999853134155
959,24140,7967.4551107311545,9.734999895095825
960,24160,7948.350478998378,9.740999937057495
961,24180,7709.989037350071,9.746999979019165
962,24200,8035.565346697406,9.753000020980835
963,24220,7917.262606158099,9.758999824523926
964,24240,8038.894564193899,9.764999866485596
965,24260,8518.210466702261,9.770999908447266
966,24280,8610.300446422822,9.776999950408936
967,24300,8416.008925627862,9.781999826431274
968,24320,8263.028393149689,9.787999868392944
969,24340,8618.536087854754,9.792999982833862
970,24360,8694.491016495596,9.797999858856201
971,24380,8564.518069161817,9.80299997329712
972,24400,8347.74086243259,9.807999849319458
973,24420,8530.213722880968,9.813999891281128
974,24440,8456.727566963269,9.82099986076355
975,24460,8459.59774579712,9.83299994468689
976,24480,8399.87127860042,9.842000007629395
977,24500,8406.387358264483,9.848999977111816
978,24520,8448.61349226287,9.858000040054321
979,24540,8310.660371175289,9.866999864578247
980,24560,8423.023111816694,9.888000011444092
981,24580,8582.611156780997,9.895999908447266
982,24600,8414.783866815274,9.914999961853027
983,24620,8591.558597341147,9.92799997329712
984,24640,8430.507804471546,9.938999891281128
985,24660,8536.226345710302,9.947999954223633
986,24680,8334.039349379504,9.957000017166138
987,24700,8118.904311022098,9.964999914169312
988,24720,8409.191392203278,9.976999998092651
989,24740,8530.590824993917,9.98799991607666
990,24760,8409.191392203278,9.995999813079834
991,24780,8275.159846983895,10.003000020980835
992,24800,8130.912645553279,10.013999938964844
993,24820,8257.684985452901,10.026999950408936
994,24840,8268.666644387022,10.04099988937378
995,24860,8095.923168980805,10.04699993133545
996,24880,8036.676382665777,10.053999900817871
997,24900,8040.394390443463,10.063999891281128
998,24920,7991.078552077184,10.075000047683716
999,24940,8057.555954639681,10.086999893188477
1000,24960,7997.8010484034785,10.096999883651733
1001,24980,7791.427443112581,10.109999895095825
1002,25000,7929.879791716912,10.118000030517578
1003,25020,8077.825029726374,10.123999834060669
1004,25040,7776.058759192352,10.133999824523926
1005,25060,7933.446802989248,10.14299988746643
1006,25080,7922.0478758546615,10.152999877929688
1007,25100,7852.827462524635,10.162999868392944
1008,25120,7696.76776812264,10.171000003814697
1009,25140,7673.423692923453,10.178999900817871
1010,25160,7708.72650676934,10.184999942779541
1011,25180,7659.89205992781,10.190999984741211
1012,25200,7807.997163540148,10.197999954223633
1013,25220,7711.620712735454,10.207000017166138
1014,25240,7764.3841526993165,10.212999820709229
1015,25260,7829.635555214803,10.218999862670898
1016,25280,7586.092036187826,10.224999904632568
1017,25300,7656.248102695587,10.23199987411499
1018,25320,7538.194818532067,10.238999843597412
1019,25340,7330.526046230937,10.244999885559082
1020,25360,7592.8016369022525,10.250999927520752
1021,25380,7543.736350078745,10.256999969482422
1022,25400,7418.034202042672,10.26199984550476
1023,25420,7505.8486482677,10.26799988746643
1024,25440,7390.651022951294,10.273000001907349
1025,25460,7282.377981557724,10.279000043869019
1026,25480,7478.043364568516,10.283999919891357
1027,25500,7782.449866724427,10.289000034332275
1028,25520,7833.607622245689,10.294999837875366
1029,25540,7642.913733860606,10.299999952316284
1030,25560,7731.422022529138,10.305999994277954
1031,25580,7688.15157820868,10.310999870300293
1032,25600,7708.542025779958,10.316999912261963
1033,25620,7780.022152632806,10.32200002670288
1034,25640,7868.52910992377,10.327999830245972
1035,25660,7765.758475876787,10.33299994468689
1036,25680,7701.535668744251,10.33899998664856
1037,25700,7674.460412888654,10.34500002861023
1038,25720,7808.23306147523,10.35099983215332
1039,25740,7853.4275046231605,10.355999946594238
1040,25760,7798.053692172721,10.360999822616577
1041,25780,7982.011129266154,10.366999864578247
1042,25800,7849.898445020098,10.371999979019165
1043,25820,7919.501339246991,10.378000020980835
1044,25840,7769.868734308646,10.383999824523926
1045,25860,7779.069169179856,10.388999938964844
1046,25880,7626.0657224572815,10.394999980926514
1047,25900,7708.365119352767,10.401000022888184
1048,25920,7867.601372409333,10.406999826431274
1049,25940,7550.594713049449,10.414999961853027
1050,25960,7662.579983388061,10.421000003814697
1051,25980,7514.2858747548635,10.427000045776367
1052,26000,7638.3013503400525,10.434000015258789
1053,26020,7511.801184169742,10.440999984741211
1054,26040,7484.788726764466,10.447999954223633
1055,26060,7270.593179932222,10.452999830245972
1056,26080,7454.767777044456,10.458999872207642
1057,26100,7666.205251494519,10.465999841690063
1058,26120,7475.807739798673,10.473999977111816
1059,26140,7578.838834454446,10.483999967575073
1060,26160,7680.7283882046795,10.491999864578247
1061,26180,7399.005917022554,10.501999855041504
1062,26200,7409.150274920533,10.51799988746643
1063,26220,7744.946473867574,10.52999997138977
1064,26240,7792.361577799801,10.541999816894531
1065,26260,7708.1112546313425,10.552000045776367
1066,26280,7734.740989307865,10.556999921798706
1067,26300,7832.912763187408,10.562999963760376
1068,26320,7820.005618073891,10.567999839782715
1069,26340,8194.037811207316,10.573999881744385
1070,26360,7920.672648119673,10.578999996185303
1071,26380,7992.272605453871,10.583999872207642
1072,26400,7933.764861625333,10.589999914169312
1073,26420,7960.18861839894,10.59500002861023
1074,26440,7944.521044714349,10.601999998092651
1075,26460,7713.4817461059365,10.60699987411499
1076,26480,7866.358199303159,10.61299991607666
1077,26500,7921.776248342814,10.61899995803833
1078,26520,7972.255249752937,10.625999927520752
1079,26540,7884.265187453264,10.63100004196167
1080,26560,7845.814295613673,10.63699984550476
1081,26580,7984.060626315838,10.641999959945679
1082,26600,7738.199705851996,10.648000001907349
1083,26620,8054.148836691913,10.652999877929688
1084,26640,7879.710431420852,10.658999919891357
1085,26660,8066.252823689128,10.664000034332275
1086,26680,8011.475268015737,10.668999910354614
1087,26700,8025.230397856806,10.674999952316284
1088,26720,8258.1458950055,10.680999994277954
1089,26740,7838.333796495322,10.685999870300293
1090,26760,7716.565439083707,10.692999839782715
1091,26780,7905.639193927833,10.697999954223633
1092,26800,7959.247249425978,10.704999923706055
1093,26820,7943.507535918319,10.710999965667725
1094,26840,7975.271981495848,10.717000007629395
1095,26860,7769.100430133826,10.721999883651733
1096,26880,7879.248908814013,10.727999925613403
1097,26900,7674.780142585282,10.733999967575073
1098,26920,7819.677413143113,10.738999843597412
1099,26940,8064.4699467496075,10.744999885559082
1100,26960,8042.140243512044,10.750999927520752
1101,26980,8012.118211393784,10.75600004196167
1102,27000,8011.94456478764,10.760999917984009
1103,27020,8071.568770937341,10.766999959945679
1104,27040,8009.790949607454,10.771999835968018
1105,27060,8034.027802819086,10.777999877929688
1106,27080,7985.530357076075,10.782999992370605
1107,27100,8046.170075037249,10.789000034332275
1108,27120,8090.2697693738355,10.794999837875366
1109,27140,8044.6197897339825,10.802000045776367
1110,27160,8130.112959754326,10.810999870300293
1111,27180,7988.024789982486,10.830999851226807
1112,27200,7834.241405563497,10.836999893188477
1113,27220,7972.692135736326,10.842999935150146
1114,27240,8127.374671778645,10.851999998092651
1115,27260,8059.835271640927,10.865000009536743
1116,27280,8184.25462895066,10.875999927520752
1117,27300,8255.703056770806,10.888000011444092
1118,27320,8144.386383650381,10.899999856948853
1119,27340,8209.765849741781,10.90999984741211
1120,27360,8081.244315714975,10.919999837875366
1121,27380,8057.365998754884,10.932999849319458
1122,27400,8072.146519096863,10.94599986076355
1123,27420,7900.331587141553,10.952999830245972
1124,27440,7980.377824500244,10.960999965667725
1125,27460,8003.775123260254,10.97000002861023
1126,27480,7962.132812091918,10.976999998092651
1127,27500,7942.988026573654,10.985999822616577
1128,27520,7994.336674833408,10.993000030517578
1129,27540,8185.009811760466,11.003000020980835
1130,27560,8003.948416947361,11.01199984550476
1131,27580,8333.936713785284,11.020999908447266
1132,27600,8168.513237751073,11.036999940872192
1133,27620,8232.057962081242,11.042999982833862
1134,27640,7945.093657717711,11.049999952316284
1135,27660,7977.747789620194,11.055999994277954
1136,27680,8217.70568915639,11.06499981880188
1137,27700,8110.582852017447,11.07099986076355
1138,27720,8084.833049502413,11.078999996185303
1139,27740,8265.580157077231,11.085000038146973
1140,27760,8068.594104924918,11.090999841690063
1141,27780,7911.250679543618,11.098000049591064
1142,27800,7904.848339083528,11.108999967575073
1143,27820,7487.030431602666,11.119999885559082
1144,27840,7532.882842910966,11.128000020980835
1145,27860,7345.307413832218,11.139999866485596
1146,27880,7236.609703274351,11.152999877929688
1147,27900,7432.3050146718115,11.166999816894531
1148,27920,7346.894902103565,11.184000015258789
1149,27940,7252.864878163931,11.194000005722046
1150,27960,7272.217427759593,11.20799994468689
1151,27980,7685.688626759427,11.218999862670898
1152,28000,7634.137898592376,11.233999967575073
1153,28020,7516.244119115229,11.24399995803833
1154,28040,7785.916661767078,11.257999897003174
1155,28060,7604.25471666731,11.268999814987183
1156,28080,7681.037602039834,11.281999826431274
1157,28100,7698.104099349125,11.291999816894531
1158,28120,7641.9078696522465,11.302000045776367
1159,28140,7869.928698400022,11.313999891281128
1160,28160,7554.002918350772,11.323999881744385
1161,28180,7595.0948651317485,11.33299994468689
1162,28200,7631.903064508305,11.342999935150146
1163,28220,7591.050762195048,11.353999853134155
1164,28240,7829.56152519002,11.361999988555908
1165,28260,8052.877645452021,11.376999855041504
1166,28280,7916.002880731774,11.40999984741211
1167,28300,7844.861046293285,11.428999900817871
1168,28320,7912.16194080151,11.447999954223633
1169,28340,7965.747627204451,11.460999965667725
1170,28360,7915.363001837341,11.473000049591064
1171,28380,7955.863473094225,11.48199987411499
1172,28400,7746.488990055419,11.491999864578247
1173,28420,7715.333829671028,11.506999969482422
1174,28440,7603.319644233463,11.520999908447266
1175,28460,8287.606953577293,11.533999919891357
1176,28480,7934.181894870293,11.543999910354614
1177,28500,8017.600906279966,11.554999828338623
1178,28520,7864.405729562846,11.566999912261963
1179,28540,7954.110157770085,11.578999996185303
1180,28560,7629.698905922009,11.583999872207642
1181,28580,7781.934570625647,11.589999914169312
1182,28600,7739.137909266222,11.59500002861023
1183,28620,7885.175961047814,11.603999853134155
1184,28640,7765.396858480676,11.609999895095825
1185,28660,7697.433783597432,11.615999937057495
1186,28680,7779.890313219078,11.621999979019165
1187,28700,7699.136630634183,11.626999855041504
1188,28720,7630.70593617181,11.632999897003174
1189,28740,7746.739077496558,11.639999866485596
1190,28760,7863.661719830511,11.645999908447266
1191,28780,7720.25737307368,11.651999950408936
1192,28800,7745.267504263318,11.656999826431274
1193,28820,7840.696180369104,11.661999940872192
1194,28840,8003.124887693288,11.672999858856201
1195,28860,7995.053713730532,11.684999942779541
1196,28880,7846.447024936867,11.68999981880188
1197,28900,7946.343617206439,11.69599986076355
1198,28920,8183.71272839573,11.700999975204468
1199,28940,8082.984969952879,11.710000038146973
1200,28960,7967.151666843696,11.717999935150146
1201,28980,7951.614176414356,11.723999977111816
1202,29000,7928.34184974054,11.730000019073486
1203,29020,8016.356106170437,11.734999895095825
1204,29040,8238.89818816535,11.740999937057495
1205,29060,7962.387800905125,11.746999979019165
1206,29080,7995.521370667945,11.751999855041504
1207,29100,7817.44215949654,11.756999969482422
1208,29120,7823.749619460578,11.763000011444092
1209,29140,7907.330457873784,11.769999980926514
1210,29160,7985.735770643251,11.776000022888184
1211,29180,7952.215370735141,11.781999826431274
1212,29200,7612.981772262153,11.786999940872192
1213,29220,7937.752349910818,11.792999982833862
1214,29240,7608.11494187044,11.799000024795532
1215,29260,7658.436025267065,11.804999828338623
1216,29280,7607.4439833300285,11.809999942779541
1217,29300,7685.971047737587,11.815999984741211
1218,29320,7656.826362258986,11.82099986076355
1219,29340,7778.309602549005,11.825999975204468
1220,29360,7899.908191162279,11.832000017166138
1221,29380,7719.377220731375,11.837999820709229
1222,29400,7505.048365504521,11.842999935150146
1223,29420,7643.11082215772,11.848999977111816
1224,29440,7716.5334633661605,11.853999853134155
1225,29460,7599.420331225209,11.859999895095825
1226,29480,7638.340597972545,11.865000009536743
1227,29500,7633.943476077716,11.869999885559082
1228,29520,7558.962317026011,11.875999927520752
1229,29540,7686.525868258442,11.881999969482422
1230,29560,7804.810555378695,11.888000011444092
1231,29580,7434.295655890516,11.893999814987183
1232,29600,7524.0942987768,11.899999856948853
1233,29620,7283.932343027956,11.906999826431274
1234,29640,7200.7946925121305,11.914000034332275
1235,29660,7287.855103245614,11.921000003814697
1236,29680,7390.50081263032,11.927000045776367
1237,29700,7309.398343375879,11.934000015258789
1238,29720,7227.618210085858,11.93999981880188
1239,29740,7191.362235197591,11.94700002670288
1240,29760,7537.722292229404,11.953999996185303
1241,29780,7350.158573856918,11.961999893188477
1242,29800,7546.854551418077,11.967999935150146
1243,29820,7641.716623586952,11.974999904632568
1244,29840,7603.632623033138,11.98199987411499
1245,29860,7785.151513831707,11.986999988555908
1246,29880,7801.911458910221,11.993000030517578
1247,29900,7762.800117072959,12.0
1248,29920,7939.161599344529,12.00600004196167
1249,29940,7806.613811622159,12.010999917984009
1250,29960,7620.098824694647,12.016999959945679
1251,29980,7587.3025376276055,12.021999835968018
1252,30000,7659.950232915436,12.027999877929688
1253,30020,7652.500116476563,12.032999992370605
1254,30040,7573.111382003372,12.037999868392944
1255,30060,7668.700631214031,12.043999910354614
1256,30080,7576.946094087186,12.049000024795532
1257,30100,7532.077634589099,12.054999828338623
1258,30120,7933.230985812154,12.060999870300293
1259,30140,7972.424601247847,12.065999984741211
1260,30160,7768.212793557908,12.07200002670288
1261,30180,7870.099544018854,12.077999830245972
1262,30200,7613.942005705406,12.08299994468689
1263,30220,7602.9991828913335,12.08899998664856
1264,30240,7774.969998081545,12.093999862670898
1265,30260,7716.125633676684,12.098999977111816
1266,30280,7649.260077325831,12.103999853134155
1267,30300,7821.165609737059,12.109999895095825
1268,30320,7711.548440011549,12.115000009536743
1269,30340,7806.496425452416,12.120999813079834
1270,30360,7765.454551534328,12.125999927520752
1271,30380,7747.36552077014,12.131999969482422
1272,30400,7793.306271531788,12.13699984550476
1273,30420,7753.530401650342,12.14299988746643
1274,30440,7758.776399041243,12.148000001907349
1275,30460,7763.454333970615,12.152999877929688
1276,30480,7776.716622314851,12.157999992370605
1277,30500,7807.056914109731,12.164000034332275
1278,30520,7723.404761898426,12.168999910354614
1279,30540,7739.014494198514,12.174999952316284
1280,30560,7472.141693005649,12.179999828338623
1281,30580,7845.990893735673,12.187000036239624
1282,30600,7771.49223966762,12.202999830245972
1283,30620,7749.440099508904,12.210999965667725
1284,30640,7954.299604466745,12.217999935150146
1285,30660,7830.979850107553,12.223999977111816
1286,30680,7907.193277869035,12.230000019073486
1287,30700,7926.109590369613,12.240000009536743
1288,30720,7971.559749142834,12.246999979019165
1289,30740,7844.7441283841745,12.253000020980835
1290,30760,7778.602624607809,12.263999938964844
1291,30780,7785.793826594879,12.280999898910522
1292,30800,7892.705617469841,12.29099988937378
1293,30820,7512.74806380307,12.300999879837036
1294,30840,7828.174911652705,12.317999839782715
1295,30860,7743.056596518367,12.325999975204468
1296,30880,7827.597792317121,12.33299994468689
1297,30900,7707.2735529785805,12.337999820709229
1298,30920,7698.618112780502,12.343999862670898
1299,30940,7713.723510236532,12.349999904632568
1300,30960,7556.167091169643,12.358000040054321
1301,30980,7658.731214320488,12.36299991607666
1302,31000,7573.756510162433,12.36899995803833
1303,31020,7723.304890344897,12.375
1304,31040,7763.378584533246,12.379999876022339
1305,31060,7752.150654392801,12.385999917984009
1306,31080,7644.344724350564,12.391999959945679
1307,31100,7727.307158772937,12.396999835968018
1308,31120,7768.32761649916,12.401999950408936
1309,31140,7731.316895715616,12.407999992370605
1310,31160,7795.369316176213,12.414000034332275
1311,31180,7682.4340515200765,12.419999837875366
1312,31200,7561.8846527960895,12.424999952316284
1313,31220,7551.98162698907,12.430999994277954
1314,31240,7512.725558590424,12.435999870300293
1315,31260,7600.185306342819,12.441999912261963
1316,31280,7801.654048432625,12.44700002670288
1317,31300,7753.899807984942,12.45199990272522
1318,31320,7943.981328529747,12.45799994468689
1319,31340,7900.82067450812,12.462999820709229
1320,31360,7507.2454157004295,12.468999862670898
1321,31380,7517.787762513571,12.474999904632568
1322,31400,7784.431763755909,12.480999946594238
1323,31420,7604.440651036038,12.486999988555908
1324,31440,7505.708348346232,12.491999864578247
1325,31460,7556.81986072515,12.497999906539917
1326,31480,7511.977851129285,12.503999948501587
1327,31500,7383.391001783606,12.509999990463257
1328,31520,7447.700956135354,12.516000032424927
1329,31540,7514.935407680738,12.521999835968018
1330,31560,7599.372411159806,12.526999950408936
1331,31580,7639.6720272845205,12.532999992370605
1332,31600,7347.468722872515,12.539000034332275
1333,31620,7642.196687071854,12.544999837875366
1334,31640,7797.67328043208,12.550999879837036
1335,31660,7996.9530857969285,12.556999921798706
1336,31680,7813.2246875076835,12.562999963760376
1337,31700,7978.935524842216,12.567999839782715
1338,31720,8084.852469042898,12.573999881744385
1339,31740,7939.0179882596385,12.578999996185303
1340,31760,8057.038465534558,12.585000038146973
1341,31780,7919.264507643222,12.589999914169312
1342,31800,8240.938889594445,12.595999956130981
1343,31820,7991.9317502505255,12.601999998092651
1344,31840,8032.705185241759,12.608000040054321
1345,31860,8200.663461740944,12.613999843597412
1346,31880,8251.62577751992,12.619999885559082
1347,31900,8272.992810624739,12.625
1348,31920,8473.196720077898,12.631999969482422
1349,31940,8084.275596344859,12.638000011444092
1350,31960,8005.815523882704,12.64299988746643
1351,31980,8053.24165206358,12.6489999294281
1352,32000,7976.346358182599,12.654000043869019
1353,32020,8025.700915832873,12.65999984741211
1354,32040,7930.932268669984,12.66599988937378
1355,32060,7998.532259823998,12.67199993133545
1356,32080,8030.278896015205,12.67799997329712
1357,32100,8143.354405890462,12.682999849319458
1358,32120,8024.279755863522,12.68999981880188
1359,32140,8031.289084702,12.698999881744385
1360,32160,7819.838747624015,12.705999851226807
1361,32180,7855.41575071376,12.723000049591064
1362,32200,7950.063764931916,12.736999988555908
1363,32220,7603.614205110642,12.78499984741211
1364,32240,7680.740833696869,12.845999956130981
1365,32260,7695.610473097633,12.852999925613403
1366,32280,7669.604692612682,12.858000040054321
1367,32300,7653.1072730220485,12.870999813079834
1368,32320,7768.024339317846,12.879999876022339
1369,32340,7536.951720954509,12.885999917984009
1370,32360,7599.4246272739165,12.891000032424927
1371,32380,7793.292893175386,12.896999835968018
1372,32400,7575.158737418886,12.904000043869019
1373,32420,7804.685007002532,12.912999868392944
1374,32440,7571.407820118131,12.92199993133545
1375,32460,7587.714864112773,12.934000015258789
1376,32480,7827.933647331094,12.95199990272522
1377,32500,7568.406301725563,12.960999965667725
1378,32520,8070.604194479438,12.983999967575073
1379,32540,7867.458262778762,13.01199984550476
1380,32560,7726.691249480866,13.023000001907349
1381,32580,7612.901486011029,13.042999982833862
1382,32600,7852.84492893725,13.05299997329712
1383,32620,7859.286077981544,13.059000015258789
1384,32640,7736.237941279048,13.095999956130981
1385,32660,7775.518989014208,13.105999946594238
1386,32680,7844.3733712659805,13.125
1387,32700,7736.615629045481,13.134999990463257
1388,32720,7603.546355518245,13.146999835968018
1389,32740,7807.0362431868125,13.161999940872192
1390,32760,7830.980157523267,13.180999994277954
1391,32780,8043.072071027815,13.191999912261963
1392,32800,7888.922058283474,13.20799994468689
1393,32820,7879.291924496224,13.22000002861023
1394,32840,7976.392849961276,13.22599983215332
1395,32860,7817.48599426635,13.244999885559082
1396,32880,8045.263096951487,13.253000020980835
1397,32900,7768.506944984233,13.258999824523926
1398,32920,7708.19355393021,13.274999856948853
1399,32940,7875.711340230182,13.289999961853027
1400,32960,7793.90429987842,13.309999942779541
1401,32980,7533.440310843553,13.325999975204468
1402,33000,7874.289879146406,13.35699987411499
1403,33020,7919.596385081236,13.366999864578247
1404,33040,7888.11471762012,13.378000020980835
1405,33060,7776.435791804609,13.384999990463257
1406,33080,7990.470500221021,13.389999866485596
1407,33100,7802.515196000085,13.398000001907349
1408,33120,7766.209681486215,13.402999877929688
1409,33140,7921.543643102393,13.41100001335144
1410,33160,7914.6053315695135,13.42199993133545
1411,33180,7968.518452401069,13.42799997329712
1412,33200,7917.459446472352,13.448999881744385
1413,33220,7841.966541557373,13.457000017166138
1414,33240,7871.696790414974,13.474999904632568
1415,33260,8021.907133653434,13.48799991607666
1416,33280,8306.788839872215,13.496999979019165
1417,33300,7973.904532499826,13.539000034332275
1418,33320,8074.321633152815,13.559999942779541
1419,33340,7903.507495156639,13.592000007629395
1420,33360,7929.787284177883,13.608000040054321
1421,33380,8107.27396044794,13.61899995803833
1422,33400,7841.362935141173,13.63100004196167
1423,33420,7697.821168365687,13.641000032424927
1424,33440,7828.18589756831,13.646999835968018
1425,33460,7676.121611948234,13.652999877929688
1426,33480,7834.591207961836,13.65999984741211
1427,33500,7690.183810269744,13.666999816894531
1428,33520,7774.804966815917,13.674000024795532
1429,33540,7679.5246624873525,13.679999828338623
1430,33560,7692.666049493444,13.684999942779541
1431,33580,7932.766715386304,13.690999984741211
1432,33600,7930.6296045886165,13.69700002670288
1433,33620,7839.876818328133,13.703999996185303
1434,33640,7768.0444054958125,13.710999965667725
1435,33660,7923.7821363883895,13.72000002861023
1436,33680,7851.137141165916,13.724999904632568
1437,33700,8003.407729721464,13.733000040054321
1438,33720,7617.249550021092,13.740000009536743
1439,33740,7719.816036387685,13.746999979019165
1440,33760,8073.654646997553,13.751999855041504
1441,33780,7823.671554736542,13.756999969482422
1442,33800,7987.9621927484695,13.763000011444092
1443,33820,7892.5439531529355,13.76799988746643
1444,33840,7912.921226227474,13.773000001907349
1445,33860,8231.0010443606,13.777999877929688
1446,33880,7934.016450484643,13.78499984741211
1447,33900,8110.0525789307,13.79099988937378
1448,33920,7801.532541087128,13.79699993133545
1449,33940,8104.399197597546,13.80299997329712
1450,33960,8052.880531707288,13.809000015258789
1451,33980,8107.237034030774,13.813999891281128
1452,34000,7863.343819358282,13.819999933242798
1453,34020,7921.180313851954,13.825999975204468
1454,34040,7766.379321023636,13.832000017166138
1455,34060,7782.92289388064,13.837999820709229
1456,34080,7731.210648699597,13.843999862670898
1457,34100,7675.829179184533,13.849999904632568
1458,34120,7557.426716098771,13.855999946594238
1459,34140,7694.996426681018,13.861999988555908
1460,34160,7859.447600277987,13.868000030517578
1461,34180,7683.938377845124,13.875999927520752
1462,34200,7734.475352722458,13.881999969482422
1463,34220,7575.260218093936,13.888000011444092
1464,34240,7662.79816076261,13.893999814987183
1465,34260,7543.313542151985,13.8989999294281
1466,34280,7560.775237117194,13.90499997138977
1467,34300,7487.227674064902,13.911999940872192
1468,34320,7514.581807661389,13.916999816894531
1469,34340,7572.057810199083,13.922999858856201
1470,34360,7566.546882752333,13.928999900817871
1471,34380,7800.687018607641,13.937999963760376
1472,34400,7583.889825345611,13.94599986076355
1473,34420,7716.406464476763,13.954999923706055
1474,34440,7602.454967455606,13.964999914169312
1475,34460,7486.086966645347,13.980000019073486
1476,34480,7641.8365179115035,13.988999843597412
1477,34500,7601.799553684618,14.00600004196167
1478,34520,7422.176951693844,14.016000032424927
1479,34540,7393.600840998744,14.024999856948853
1480,34560,7843.957814298957,14.031999826431274
1481,34580,7581.700536420034,14.04099988937378
1482,34600,7737.274532663961,14.04699993133545
1483,34620,7887.701295186307,14.05299997329712
1484,34640,7805.401474729967,14.059999942779541
1485,34660,7968.993216254837,14.069000005722046
1486,34680,7997.31261072534,14.075999975204468
1487,34700,7780.454653780265,14.090999841690063
1488,34720,7596.132203374909,14.10699987411499
1489,34740,7816.979097520642,14.115999937057495
1490,34760,7955.899157643563,14.128999948501587
1491,34780,7634.148269949719,14.15999984741211
1492,34800,7682.879792766684,14.178999900817871
1493,34820,8026.426746369012,14.194999933242798
1494,34840,7811.285963069356,14.21399998664856
1495,34860,7812.511518351664,14.223999977111816
1496,34880,7555.601908164282,14.243000030517578
1497,34900,8005.048542240313,14.25600004196167
1498,34920,7762.814613558502,14.274999856948853
1499,34940,7765.863696166697,14.28499984741211
1500,34960,7608.26798838626,14.296000003814697
1501,34980,7684.558489809188,14.30299997329712
1502,35000,7774.431337031167,14.307999849319458
1503,35020,7650.2320601991405,14.31499981880188
1504,35040,7886.33175081346,14.32099986076355
1505,35060,7683.8887220878505,14.32699990272522
1506,35080,7802.643563470323,14.33299994468689
1507,35100,7703.654857546778,14.33899998664856
1508,35120,7739.6854269088735,14.34500002861023
1509,35140,7739.231056316534,14.349999904632568
1510,35160,7749.215541005953,14.355999946594238
1511,35180,7700.279366993804,14.360999822616577
1512,35200,8094.467788755989,14.366999864578247
1513,35220,7598.274132244824,14.372999906539917
1514,35240,7555.692154326633,14.378999948501587
1515,35260,7497.771583680615,14.383999824523926
1516,35280,7846.792355584497,14.389999866485596
1517,35300,7718.67218269915,14.395999908447266
1518,35320,7910.741892756041,14.402999877929688
1519,35340,7628.183715951518,14.407999992370605
1520,35360,8109.948070718249,14.414000034332275
1521,35380,8150.657408291651,14.418999910354614
1522,35400,8351.936508154218,14.424999952316284
1523,35420,8229.518124761975,14.429999828338623
1524,35440,8025.897856585269,14.434999942779541
1525,35460,8189.660201058511,14.440999984741211
1526,35480,7936.847888805542,14.44599986076355
1527,35500,8154.4911505310665,14.450999975204468
1528,35520,8058.95402353925,14.457000017166138
1529,35540,8269.81374238433,14.461999893188477
1530,35560,8001.721971631638,14.467999935150146
1531,35580,7774.628776459865,14.473000049591064
1532,35600,7896.334833767831,14.478999853134155
1533,35620,8381.531161007902,14.484999895095825
1534,35640,8284.538154956137,14.490000009536743
1535,35660,8307.053131627361,14.495999813079834
1536,35680,8237.460983147557,14.501999855041504
1537,35700,8012.85377964994,14.506999969482422
1538,35720,8264.251167774988,14.513000011444092
1539,35740,8314.094132130313,14.51799988746643
1540,35760,8430.020803425261,14.5239999294281
1541,35780,8279.324267336671,14.529000043869019
1542,35800,8294.130391530347,14.53499984741211
1543,35820,8286.771862148395,14.54099988937378
1544,35840,8344.19507618709,14.54699993133545
1545,35860,8333.367811893579,14.552000045776367
1546,35880,8124.916649386997,14.557999849319458
1547,35900,8016.56346814784,14.563999891281128
1548,35920,8004.438028122367,14.57099986076355
1549,35940,7920.85585409204,14.57699990272522
1550,35960,7935.806864627519,14.583999872207642
1551,35980,7916.927125351984,14.590999841690063
1552,36000,7928.451159838274,14.608000040054321
1553,36020,7774.955624471402,14.623999834060669
1554,36040,7862.088931416787,14.64299988746643
1555,36060,7867.615098932996,14.661999940872192
1556,36080,7628.859110312758,14.694000005722046
1557,36100,7729.9391782295315,14.718999862670898
1558,36120,7726.63482316356,14.733000040054321
1559,36140,7865.562743291108,14.74399995803833
1560,36160,7971.288143353699,14.806999921798706
1561,36180,7932.24941321653,14.846999883651733
1562,36200,7925.574594127478,14.871999979019165
1563,36220,8021.751903891633,14.881999969482422
1564,36240,8038.906782254954,14.893999814987183
1565,36260,8512.201339327008,14.91599988937378
1566,36280,7685.17759108573,14.934000015258789
1567,36300,7837.04071165023,14.950999975204468
1568,36320,8286.261407051798,14.962999820709229
1569,36340,8104.716036846004,14.978999853134155
1570,36360,8248.707989280625,15.001999855041504
1571,36380,8188.861048735759,15.023000001907349
1572,36400,8220.717622486161,15.039999961853027
1573,36420,8326.675950645935,15.049999952316284
1574,36440,8242.406295389363,15.059999942779541
1575,36460,8334.781899647018,15.075999975204468
1576,36480,8316.951730814875,15.092000007629395
1577,36500,8309.4139236398,15.101999998092651
1578,36520,8573.62118238467,15.111999988555908
1579,36540,8352.676589522187,15.118000030517578
1580,36560,8189.847063290029,15.123999834060669
1581,36580,8363.794406320294,15.129999876022339
1582,36600,8247.167101611414,15.13699984550476
1583,36620,8284.906706972904,15.144999980926514
1584,36640,8009.421681739616,15.151000022888184
1585,36660,8017.704406652469,15.155999898910522
1586,36680,7882.448742639974,15.161999940872192
1587,36700,8083.589309346362,15.167999982833862
1588,36720,8038.509071615623,15.174000024795532
1589,36740,8145.259436398125,15.178999900817871
1590,36760,7993.2267704708465,15.184999942779541
1591,36780,7895.437690227219,15.190999984741211
1592,36800,8023.396477821863,15.19700002670288
1593,36820,7993.422869750889,15.202999830245972
1594,36840,8139.925449912979,15.208999872207642
1595,36860,7785.979774001729,15.215999841690063
1596,36880,7736.988266334301,15.223000049591064
1597,36900,7936.892182395043,15.228999853134155
1598,36920,7913.814642807106,15.234999895095825
1599,36940,7916.7235948341095,15.245999813079834
1600,36960,7913.233517556227,15.253999948501587
1601,36980,7931.512874682981,15.259999990463257
1602,37000,7725.6024027441645,15.282999992370605
1603,37020,7735.05189547362,15.292999982833862
1604,37040,8128.853511325,15.312999963760376
1605,37060,7898.357183554862,15.319999933242798
1606,37080,7809.716148533104,15.325999975204468
1607,37100,7955.909392168306,15.340999841690063
1608,37120,7804.126571902902,15.351999998092651
1609,37140,7668.440881413021,15.358000040054321
1610,37160,7784.715204285084,15.36899995803833
1611,37180,7768.898532577019,15.375
1612,37200,7812.3576998563,15.381999969482422
1613,37220,7721.632709684692,15.388999938964844
1614,37240,7808.4145501611465,15.395999908447266
1615,37260,7735.470197236173,15.414000034332275
1616,37280,7829.03191074434,15.422999858856201
1617,37300,7704.652607713817,15.430999994277954
1618,37320,7673.533421452521,15.45199990272522
1619,37340,7875.296891294645,15.461999893188477
1620,37360,7841.340110261901,15.467999935150146
1621,37380,7778.466979835069,15.474999904632568
1622,37400,7701.036915749687,15.48199987411499
1623,37420,7894.0637155949935,15.490999937057495
1624,37440,7901.852937563923,15.497999906539917
1625,37460,7713.213215017075,15.507999897003174
1626,37480,7745.350723553468,15.516999959945679
1627,37500,7859.9088318460235,15.5239999294281
1628,37520,7554.864606576405,15.530999898910522
1629,37540,7788.449572094129,15.536999940872192
1630,37560,7740.185983865651,15.542999982833862
1631,37580,7441.648202058996,15.550999879837036
1632,37600,7663.00920091204,15.555999994277954
1633,37620,7398.6026213740515,15.562999963760376
1634,37640,7619.263343441153,15.569000005722046
1635,37660,7714.244512126934,15.573999881744385
1636,37680,7523.024581416964,15.579999923706055
1637,37700,7746.958663112837,15.585999965667725
1638,37720,7625.243892729325,15.592000007629395
1639,37740,7720.667496116819,15.598999977111816
1640,37760,7625.788011191056,15.605999946594238
1641,37780,7837.558550006175,15.61299991607666
1642,37800,7941.024283865604,15.61899995803833
1643,37820,7933.070040990698,15.623999834060669
1644,37840,7743.264881621237,15.629999876022339
1645,37860,7879.872334002698,15.634999990463257
1646,37880,7842.505794857311,15.641999959945679
1647,37900,7854.981214165508,15.648000001907349
1648,37920,7860.35153244612,15.654000043869019
1649,37940,8002.465684813822,15.65999984741211
1650,37960,7851.429010442873,15.66599988937378
1651,37980,7791.705194900037,15.67199993133545
1652,38000,7741.032090444902,15.678999900817871
1653,38020,7742.423242682091,15.685999870300293
1654,38040,7771.536753669085,15.692999839782715
1655,38060,7723.099905427171,15.698999881744385
1656,38080,7729.8376252654025,15.707000017166138
1657,38100,7512.477316817558,15.71399998664856
1658,38120,7975.640546793792,15.720999956130981
1659,38140,7751.349509029905,15.726999998092651
1660,38160,8145.795600048695,15.734999895095825
1661,38180,7877.021552660859,15.741999864578247
1662,38200,8021.009401355671,15.748999834060669
1663,38220,7820.935826461164,15.754999876022339
1664,38240,7650.693731796317,15.760999917984009
1665,38260,7692.316182892269,15.76799988746643
1666,38280,7657.16638044542,15.773000001907349
1667,38300,7717.126881650835,15.779000043869019
1668,38320,7827.322015795611,15.78499984741211
1669,38340,7721.485747124016,15.79099988937378
1670,38360,7887.5501348428015,15.79699993133545
1671,38380,7944.99034381589,15.80299997329712
1672,38400,7841.10051107863,15.809000015258789
1673,38420,7837.584536845315,15.81499981880188
1674,38440,7979.629203109219,15.82099986076355
1675,38460,7814.700978919954,15.82699990272522
1676,38480,7873.647143105102,15.83299994468689
1677,38500,8036.160652187439,15.837999820709229
1678,38520,7712.588446329329,15.84500002861023
1679,38540,7894.601964638704,15.85099983215332
1680,38560,7963.164104976656,15.858000040054321
1681,38580,7925.467130634508,15.863999843597412
1682,38600,7694.260835563463,15.86899995803833
1683,38620,7717.159782658512,15.875
1684,38640,7900.237582787944,15.88100004196167
1685,38660,7717.995385422463,15.88699984550476
1686,38680,7630.551354401025,15.89299988746643
1687,38700,7821.835460454375,15.8989999294281
1688,38720,7795.937628826529,15.90499997138977
1689,38740,8046.464605237603,15.916999816894531
1690,38760,7873.253548861251,15.924999952316284
1691,38780,8098.108195204636,15.931999921798706
1692,38800,7858.690311405991,15.944999933242798
1693,38820,7463.093431411349,15.955999851226807
1694,38840,7654.009074233893,15.962999820709229
1695,38860,7622.281017472527,15.97000002861023
1696,38880,7672.471206386785,15.978999853134155
1697,38900,7455.466813606594,15.988999843597412
1698,38920,7695.445326467698,15.995999813079834
1699,38940,7944.892465890369,16.003999948501587
1700,38960,7843.663215302181,16.013999938964844
1701,38980,7997.233126374258,16.020999908447266
1702,39000,7595.983360740587,16.026999950408936
1703,39020,7967.111451100324,16.03499984741211
1704,39040,7765.798230401379,16.04099988937378
1705,39060,8332.471350996464,16.049000024795532
1706,39080,8268.881675217594,16.055999994277954
1707,39100,8336.820212954608,16.062999963760376
1708,39120,8286.668880789668,16.069000005722046
1709,39140,8223.380285375093,16.075000047683716
1710,39160,8210.49564031385,16.08299994468689
1711,39180,8222.251803635745,16.08899998664856
1712,39200,8119.0770661886445,16.09599995613098
1713,39220,8283.480130333379,16.102999925613403
1714,39240,8338.2406343051,16.108999967575073
1715,39260,8049.005049761352,16.116999864578247
1716,39280,8055.956160252213,16.12399983406067
1717,39300,7944.912938975856,16.131999969482422
1718,39320,8048.2255383560805,16.138999938964844
1719,39340,7927.030453236621,16.145999908447266
1720,39360,8170.61938322493,16.152999877929688
1721,39380,8073.120418778958,16.158999919891357
1722,39400,7826.342104046905,16.167999982833862
1723,39420,8130.824816266522,16.174000024795532
1724,39440,7933.714392495744,16.179999828338623
1725,39460,7897.008249698963,16.187000036239624
1726,39480,8154.771892052918,16.192999839782715
1727,39500,8026.62553933549,16.200999975204468
1728,39520,8114.522489247811,16.207000017166138
1729,39540,8097.7927927576475,16.21399998664856
1730,39560,7795.989319969098,16.22499990463257
1731,39580,8069.1936364195035,16.234999895095825
1732,39600,7921.024094927915,16.24899983406067
1733,39620,7971.981411745403,16.259999990463257
1734,39640,8068.809557806696,16.28600001335144
1735,39660,8123.400257912345,16.294999837875366
1736,39680,7975.222716533709,16.307999849319458
1737,39700,7964.02452458133,16.32099986076355
1738,39720,7983.621436556888,16.32699990272522
1739,39740,8007.252285733747,16.33299994468689
1740,39760,8015.431811008193,16.33999991416931
1741,39780,8257.399926324848,16.34599995613098
1742,39800,7856.857781284313,16.35199999809265
1743,39820,7934.369220165253,16.35800004005432
1744,39840,7991.81403870189,16.363999843597412
1745,39860,7908.034910256893,16.370999813079834
1746,39880,7852.797508293026,16.378999948501587
1747,39900,7967.787810129967,16.384999990463257
1748,39920,7907.644083293509,16.391000032424927
1749,39940,7765.364039222126,16.396999835968018
1750,39960,7784.8530084412805,16.40400004386902
1751,39980,7721.690654355658,16.412999868392944
1752,40000,7718.9246479,16.419999837875366
1753,40020,7985.719231005191,16.42799997329712
1754,40040,7614.468599389432,16.43400001525879
1755,40060,7829.019300975492,16.442999839782715
1756,40080,7891.824770508252,16.448999881744385
1757,40100,7653.499537930389,16.454999923706055
1758,40120,7730.707898845493,16.461999893188477
1759,40140,7951.347268860086,16.473000049591064
1760,40160,7816.22220517517,16.480000019073486
1761,40180,7603.036107255838,16.485999822616577
1762,40200,7812.345509858338,16.491999864578247
1763,40220,8034.144208920898,16.497999906539917
1764,40240,7819.869702330463,16.506999969482422
1765,40260,7603.127659157772,16.513999938964844
1766,40280,7699.199102552829,16.520999908447266
1767,40300,7638.105594073268,16.526999950408936
1768,40320,7647.307396405466,16.532999992370605
1769,40340,7685.407589513947,16.54099988937378
1770,40360,7836.7499034989,16.54699993133545
1771,40380,7681.136775041005,16.55299997329712
1772,40400,7871.811578790207,16.55999994277954
1773,40420,7538.330878763421,16.56599998474121
1774,40440,7746.112999208087,16.573999881744385
1775,40460,7690.5421204584445,16.579999923706055
1776,40480,7501.05264851503,16.586999893188477
1777,40500,7507.884499649216,16.592999935150146
1778,40520,7636.317046152274,16.598999977111816
1779,40540,7792.941539786083,16.60599994659424
1780,40560,7897.871635585994,16.61299991607666
1781,40580,7715.150941674321,16.61899995803833
1782,40600,7640.58857613872,16.625
1783,40620,7746.182520193712,16.63100004196167
1784,40640,7498.090261592021,16.638999938964844
1785,40660,7780.004935516662,16.645999908447266
1786,40680,7625.701823182912,16.652999877929688
1787,40700,8099.282354432284,16.658999919891357
1788,40720,7680.812433866064,16.66599988937378
1789,40740,7758.4201076853105,16.6729998588562
1790,40760,7495.180522073103,16.679999828338623
1791,40780,7608.335790303544,16.685999870300293
1792,40800,7674.847196345195,16.691999912261963
1793,40820,7808.021067221172,16.697999954223633
1794,40840,7885.220536825671,16.705999851226807
1795,40860,7737.854213394841,16.71299982070923
1796,40880,7786.735159953532,16.72000002861023
1797,40900,7551.986827422285,16.72699999809265
1798,40920,7868.999438159186,16.734999895095825
1799,40940,8084.074780365263,16.744999885559082
1800,40960,8213.51309808165,16.753000020980835
1801,40980,8139.106914764211,16.759999990463257
1802,41000,7974.082296482511,16.768999814987183
1803,41020,8312.937330872131,16.77900004386902
1804,41040,8219.377738534864,16.78600001335144
1805,41060,7899.759625093728,16.793999910354614
1806,41080,7955.023021547639,16.807999849319458
1807,41100,8071.936700267427,16.819999933242798
1808,41120,8237.225110920956,16.82699990272522
1809,41140,7787.139209370933,16.83799982070923
1810,41160,7897.154002435483,16.85099983215332
1811,41180,8025.141306023414,16.860999822616577
1812,41200,8165.126244086326,16.866999864578247
1813,41220,7674.793394513134,16.878999948501587
1814,41240,7729.890089904774,16.884999990463257
1815,41260,7795.6529155944945,16.893999814987183
1816,41280,8168.500820489517,16.901000022888184
1817,41300,7880.981691289401,16.907999992370605
1818,41320,8023.642150285576,16.914999961853027
1819,41340,8024.465034460784,16.921000003814697
1820,41360,7857.2998769040205,16.927000045776367
1821,41380,7917.096667984666,16.932999849319458
1822,41400,7961.967587499372,16.93999981880188
1823,41420,7754.276812752384,16.94700002670288
1824,41440,7955.506042974963,16.95199990272522
1825,41460,8018.954511764764,16.957000017166138
1826,41480,7920.996799273098,16.96299982070923
1827,41500,8104.249063066477,16.967999935150146
1828,41520,7954.493186607211,16.973000049591064
1829,41540,8030.031455988948,16.978999853134155
1830,41560,7788.931194649748,16.984999895095825
1831,41580,7884.704507278871,16.990000009536743
1832,41600,7887.525393241087,16.995999813079834
1833,41620,8172.586647321026,17.000999927520752
1834,41640,8223.960810220373,17.006999969482422
1835,41660,7777.329012920223,17.013000011444092
1836,41680,8143.428075407981,17.01799988746643
1837,41700,8055.870170928699,17.0239999294281
1838,41720,7819.89212200544,17.02999997138977
1839,41740,7785.744725168007,17.03600001335144
1840,41760,7774.254809205239,17.04199981689453
1841,41780,7835.16951341866,17.04699993133545
1842,41800,7685.122161147311,17.05299997329712
1843,41820,7872.1327772438,17.05900001525879
1844,41840,7652.263312253968,17.063999891281128
1845,41860,7796.833402330018,17.069999933242798
1846,41880,7477.681503552625,17.075999975204468
1847,41900,7799.238413312921,17.080999851226807
1848,41920,7722.554136740992,17.086999893188477
1849,41940,7607.144187925174,17.092999935150146
1850,41960,7691.015353014821,17.098999977111816
1851,41980,7618.423854425109,17.103999853134155
1852,42000,7696.012416337597,17.109999895095825
1853,42020,7730.508769168938,17.115999937057495
1854,42040,7527.746554976601,17.121999979019165
1855,42060,7709.435411096792,17.126999855041504
1856,42080,7946.9063889029385,17.132999897003174
1857,42100,7920.58591508827,17.138999938964844
1858,42120,7922.250706506543,17.144999980926514
1859,42140,7857.925821189335,17.151000022888184
1860,42160,7852.487807066106,17.156999826431274
1861,42180,7962.899681400385,17.161999940872192
1862,42200,7904.7059410710635,17.16699981689453
1863,42220,8146.481219631464,17.17199993133545
1864,42240,8125.391654128858,17.17799997329712
1865,42260,8144.300482521517,17.18400001525879
1866,42280,7887.15317208183,17.18999981880188
1867,42300,7930.434138576349,17.19599986076355
1868,42320,7762.015869905774,17.20199990272522
1869,42340,7695.575886352336,17.20799994468689
1870,42360,7645.682788617785,17.21399998664856
1871,42380,7499.824200144238,17.22000002861023
1872,42400,7820.114997561458,17.22699999809265
1873,42420,7628.713019803812,17.23300004005432
1874,42440,7549.291015124718,17.238999843597412
1875,42460,7581.54720874161,17.244999885559082
1876,42480,7385.825599002059,17.25
1877,42500,7511.294024544127,17.256999969482422
1878,42520,7485.0753563485205,17.26199984550476
1879,42540,7707.351560839243,17.26799988746643
1880,42560,7520.606968085051,17.2739999294281
1881,42580,7604.976294663911,17.27999997138977
1882,42600,7431.420789277011,17.28600001335144
1883,42620,7873.480465450307,17.29099988937378
1884,42640,7894.545666434723,17.29699993133545
1885,42660,7913.910256310909,17.30299997329712
1886,42680,8004.118670527769,17.30900001525879
1887,42700,7959.537653332654,17.31599998474121
1888,42720,7711.596371581968,17.32200002670288
1889,42740,7735.552194027967,17.32799983024597
1890,42760,8138.2646112890825,17.33399987220764
1891,42780,8078.846992219328,17.33999991416931
1892,42800,8164.910884210142,17.34599995613098
1893,42820,8217.55820599773,17.35099983215332
1894,42840,8282.65715035689,17.35699987411499
1895,42860,8153.043636148972,17.361999988555908
1896,42880,8219.760807966679,17.366999864578247
1897,42900,8283.522454756981,17.371999979019165
1898,42920,8187.375452450409,17.376999855041504
1899,42940,8104.7334661519435,17.382999897003174
1900,42960,7986.765505414416,17.388000011444092
1901,42980,8132.046110280132,17.39299988746643
1902,43000,8191.656206559472,17.3989999294281
1903,43020,8042.458742646098,17.40400004386902
1904,43040,8242.307127011387,17.408999919891357
1905,43060,8044.161929373556,17.414999961853027
1906,43080,8300.524665369663,17.419999837875366
1907,43100,8164.9513178752195,17.424999952316284
1908,43120,8261.528683538154,17.429999828338623
1909,43140,8015.486398709813,17.43499994277954
1910,43160,8168.432296262275,17.43999981880188
1911,43180,8118.22457649369,17.44599986076355
1912,43200,8278.159224393008,17.45199990272522
1913,43220,8075.054379449953,17.457000017166138
1914,43240,7995.214934348306,17.46299982070923
1915,43260,7926.315834421239,17.4689998626709
1916,43280,7838.177885065766,17.473999977111816
1917,43300,7967.874013001236,17.480000019073486
1918,43320,7766.288136220459,17.484999895095825
1919,43340,7908.923607614835,17.490999937057495
1920,43360,7908.923607614835,17.495999813079834
1921,43380,7772.034132672736,17.501999855041504
1922,43400,7658.288142260863,17.506999969482422
1923,43420,7834.346510281999,17.513000011444092
1924,43440,7853.307682032057,17.51799988746643
1925,43460,7673.490968341161,17.52300000190735
1926,43480,7653.74163971881,17.52900004386902
1927,43500,7581.19976262096,17.53499984741211
1928,43520,7613.827558377161,17.539999961853027
1929,43540,7794.5622630857015,17.546000003814697
1930,43560,7686.158783384222,17.550999879837036
1931,43580,7564.163150244115,17.556999921798706
1932,43600,7592.07062781135,17.562999963760376
1933,43620,7475.066006016163,17.569000005722046
1934,43640,7531.114139296863,17.575000047683716
1935,43660,7596.350261214021,17.580999851226807
1936,43680,7563.4465646223025,17.586999893188477
1937,43700,7449.253991891008,17.592000007629395
1938,43720,7818.52963366289,17.598000049591064
1939,43740,7891.49601509305,17.603999853134155
1940,43760,7862.419214933615,17.609999895095825
1941,43780,7732.7491850131355,17.615000009536743
1942,43800,7696.313253450219,17.620999813079834
1943,43820,7881.092155667302,17.625999927520752
1944,43840,7773.988958575946,17.631999969482422
1945,43860,8047.073371384496,17.63699984550476
1946,43880,7808.283159638294,17.643999814987183
1947,43900,8136.388580129518,17.649999856948853
1948,43920,8257.179421118566,17.655999898910522
1949,43940,7989.8992671084925,17.661999940872192
1950,43960,7875.355163193395,17.667999982833862
1951,43980,7711.377784570474,17.675999879837036
1952,44000,7894.814165134342,17.681999921798706
1953,44020,7719.113887444509,17.687999963760376
1954,44040,7873.551004789264,17.69599986076355
1955,44060,7706.795357378503,17.705999851226807
1956,44080,7694.6748994026375,17.71299982070923
1957,44100,7760.202935031338,17.73199987411499
1958,44120,7831.275547626647,17.746999979019165
1959,44140,7732.910083490037,17.763000011444092
1960,44160,7884.709021449493,17.77999997138977
1961,44180,7943.454030037494,17.789000034332275
1962,44200,7725.716824472262,17.804999828338623
1963,44220,7935.797589700709,17.810999870300293
1964,44240,7820.160040532193,17.819999933242798
1965,44260,7928.324821003589,17.825999975204468
1966,44280,7838.979586450849,17.832000017166138
1967,44300,7820.160040532193,17.836999893188477
1968,44320,8076.939067207879,17.842999935150146
1969,44340,7895.409944544553,17.848000049591064
1970,44360,7775.414774682632,17.853999853134155
1971,44380,7929.198669236855,17.859999895095825
1972,44400,8054.287938031003,17.86899995803833
1973,44420,8034.306967520297,17.87399983406067
1974,44440,7803.786894715731,17.88100004196167
1975,44460,7924.750214376456,17.889999866485596
1976,44480,7884.1698494494385,17.895999908447266
1977,44500,8087.417487984889,17.901000022888184
1978,44520,8045.67517501121,17.906999826431274
1979,44540,7990.721035010789,17.91100001335144
1980,44560,7866.95423801972,17.91699981689453
1981,44580,8082.540628131712,17.92199993133545
1982,44600,7725.261809669115,17.92799997329712
1983,44620,7675.212994962175,17.93400001525879
1984,44640,7662.392487140569,17.93999981880188
1985,44660,7854.283508302081,17.94599986076355
1986,44680,8168.0617047478145,17.95199990272522
1987,44700,7915.586721600072,17.95799994468689
1988,44720,7864.380753997359,17.96299982070923
1989,44740,7968.198200871871,17.967999935150146
1990,44760,7729.444156446563,17.973999977111816
1991,44780,7711.34252272016,17.978999853134155
1992,44800,7809.680989614213,17.984999895095825
1993,44820,7648.498296452068,17.990999937057495
1994,44840,7675.086805381567,17.995999813079834
1995,44860,7818.2048662116085,18.001999855041504
1996,44880,7832.336041874683,18.007999897003174
1997,44900,7847.60055113249,18.013999938964844
1998,44920,7727.57231569924,18.018999814987183
1999,44940,7711.111649027447,18.0239999294281
